"cod_especialidade";"especialidade";"cod_procedimento";"nome_procedimento";"situacao_procedimento"
"1428";"EDUCAÇÃO FÍSICA";"16693";"VERIFICAR SINAIS VITAIS ANTES E APÓS ATIVIDADES FÍSICAS";"A"
"1428";"EDUCAÇÃO FÍSICA";"45146";"CONSULTA DE PROFISSIONAIS DE NIVEL SUPERIOR NA ATENCAO ESPECIALIZADA (EXCETO MEDICO)";"A"
"1370";"PSICOLOGIA CLÍNICA";"45146";"CONSULTA DE PROFISSIONAIS DE NIVEL SUPERIOR NA ATENCAO ESPECIALIZADA (EXCETO MEDICO)";"A"
"1237";"OBSTETRÍCIA";"4306";"COLETA DE MATERIAL PARA EXAMES CITOPATOLOGICOS             ";"A"
"1237";"OBSTETRÍCIA";"26224";"ADMINISTRACAO DE MEDICAMENTOS POR PACIENTE";"A"
"1237";"OBSTETRÍCIA";"26634";"VERIFICAR SINAIS VITAIS";"A"
"1237";"OBSTETRÍCIA";"16799";"AVALIAR DINÂMICA UTERINA";"A"
"1237";"OBSTETRÍCIA";"28927";"PARTO";"A"
"1237";"OBSTETRÍCIA";"44606";"CONSULTA DE ENFERMAGEM";"A"
"545";"MEDICINA DE URGÊNCIA";"6049";"ATENDIMENTO CLINICO COM OBSERVACAO ATE 24 HORAS            ";"A"
"545";"MEDICINA DE URGÊNCIA";"4686";"PUNCAO OU ASPIRACAO VESICAL   ";"A"
"545";"MEDICINA DE URGÊNCIA";"4541";"CURATIVO COM DEBRIDAMENTO EM PE DIABETICO                  ";"A"
"545";"MEDICINA DE URGÊNCIA";"4480";"PUNCAO LOMBAR PARA COLETA DE LIQUOR                        ";"A"
"545";"MEDICINA DE URGÊNCIA";"4885";"GLICOSE                       ";"A"
"545";"MEDICINA DE URGÊNCIA";"16521";"SONDAGEM VESICAL DE ALÍVIO";"A"
"545";"MEDICINA DE URGÊNCIA";"16523";"HGT";"A"
"545";"MEDICINA DE URGÊNCIA";"4229";"DEBRIDAMENTO E CURATIVO DE ESCARA OU ULCERACAO             ";"A"
"545";"MEDICINA DE URGÊNCIA";"3966";"INALACAO / NEBULIZACAO        ";"A"
"545";"MEDICINA DE URGÊNCIA";"4133";"ADMINISTRACAO DE MEDICAMENTOS POR PACIENTE                 ";"A"
"545";"MEDICINA DE URGÊNCIA";"4553";"REMOCAO MANUAL DE FECALOMA    ";"A"
"545";"MEDICINA DE URGÊNCIA";"13299";"MULTISTIX";"A"
"1240";"ANGIOLOGIA";"3679";"CONSULTA EM ANGIOLOGIA        ";"A"
"111";"ENFERMAGEM ONCOLOGICA";"4299";"ADMINISTRACAO DE MEDICAMENTOS POR PACIENTE                 ";"A"
"111";"ENFERMAGEM ONCOLOGICA";"6017";"CURATIVO POR PACIENTE         ";"A"
"111";"ENFERMAGEM ONCOLOGICA";"4305";"TESTE ESPECIFICO PARA DIABETES MELLITUS- CETONURIA";"A"
"111";"ENFERMAGEM ONCOLOGICA";"6077";"RETIRADA DE PONTOS DE CIRURGIAS BASICAS - POR PACIENTE     ";"A"
"111";"ENFERMAGEM ONCOLOGICA";"4304";"TESTE ESPECIFICO P/ DIABETES MELITUS - GLICOSURIA";"A"
"1252";"ANGIORRADIOLOGIA E CIRURGIA ENDOVASCULAR";"5740";"SUB GRUPO 01 - HEMODINAMICA / CATETERISMO / ANGIOGRAFIAS   ";"A"
"1261";"ELETROFISIOLOGIA CLÍNICA INVASIVA";"5471";"ELETROCARDIOGRAMA             ";"A"
"1261";"ELETROFISIOLOGIA CLÍNICA INVASIVA";"30735";"Aferir pressão arterial";"A"
"1261";"ELETROFISIOLOGIA CLÍNICA INVASIVA";"26634";"VERIFICAR SINAIS VITAIS";"A"
"1438";"TRIAGEM PRÉ NATAL ENFERMAGEM";"44606";"CONSULTA DE ENFERMAGEM";"A"
"1440";"INFECTOLOGIA - PA";"26224";"ADMINISTRACAO DE MEDICAMENTOS POR PACIENTE";"A"
"1440";"INFECTOLOGIA - PA";"26634";"VERIFICAR SINAIS VITAIS";"A"
"1446";"ELETROFISIOLOGIA CLINICA INVASIVA PEDIÁTRICA";"5471";"ELETROCARDIOGRAMA             ";"A"
"1446";"ELETROFISIOLOGIA CLINICA INVASIVA PEDIÁTRICA";"30735";"Aferir pressão arterial";"A"
"1446";"ELETROFISIOLOGIA CLINICA INVASIVA PEDIÁTRICA";"26634";"VERIFICAR SINAIS VITAIS";"A"
"1488";"GINECOLOGIA - INSERÇÃO DO DIU";"6292";"COLOCACAO DISPOSITIVO INTRA UTERINO";"A"
"1490";"GINECOLOGIA - RETIRADA DO DIU";"44490";"RETIRADA DO DIU";"A"
"1496";"SERVIÇO PREVENÇÃO TRATAM FERIDAS COMPLEXAS";"26224";"ADMINISTRACAO DE MEDICAMENTOS POR PACIENTE";"A"
"1496";"SERVIÇO PREVENÇÃO TRATAM FERIDAS COMPLEXAS";"6017";"CURATIVO POR PACIENTE         ";"A"
"1496";"SERVIÇO PREVENÇÃO TRATAM FERIDAS COMPLEXAS";"26634";"VERIFICAR SINAIS VITAIS";"A"
"1502";"COMISSAO CUIDADOS PALIATIVOS";"16979";"CERTIFICAR-SE DE QUE A FAMÍLIA COMPREENDEU AS ORIENTAÇÕES";"A"
"1502";"COMISSAO CUIDADOS PALIATIVOS";"16643";"ORIENTAR FAMILIARES SOBRE O CUIDADO";"A"
"1502";"COMISSAO CUIDADOS PALIATIVOS";"16958";"ORIENTAR HIGIENE ORAL";"A"
"1502";"COMISSAO CUIDADOS PALIATIVOS";"28036";"ATENDIMENTO FISIOTEAPEUTICO DE PACIENTE C/ CUIDADOS PALIATIVOS";"A"
"1502";"COMISSAO CUIDADOS PALIATIVOS";"29835";"IDENTIFICAR E CORRIGIR COM PACIENTE ERROS DE ORIENTAÇÃO NO TEMPO E NO ESPAÇO";"A"
"1502";"COMISSAO CUIDADOS PALIATIVOS";"27587";"IMPLEMENTAR CUIDADOS PARA PREVENÇÃO DE INFECÇÃO CONFORME ORIENTAÇÕES DA CCIH";"A"
"1502";"COMISSAO CUIDADOS PALIATIVOS";"16718";"ORIENTAR BENEFÍCIOS DA ADESÃO AO REGIME TERAPÊUTICO";"A"
"1502";"COMISSAO CUIDADOS PALIATIVOS";"17019";"ORIENTAR CUIDADOS COM ALIMENTAÇÃO";"A"
"1502";"COMISSAO CUIDADOS PALIATIVOS";"16663";"ORIENTAR IMPORTÂNCIA DOS CUIDADOS DE HIGIENE";"A"
"1502";"COMISSAO CUIDADOS PALIATIVOS";"17078";"ORIENTAR LAVAGEM DAS MÃOS";"A"
"1502";"COMISSAO CUIDADOS PALIATIVOS";"16725";"ORIENTAR PACIENTE E FAMÍLIA SOBRE MUDANÇA NO ESTILO DE VIDA";"A"
"1502";"COMISSAO CUIDADOS PALIATIVOS";"29143";"ORIENTAR PACIENTE QUANTO AOS CUIDADOS COM ÁREA DELIMITADA PARA RADIOTERAPIA";"A"
"1502";"COMISSAO CUIDADOS PALIATIVOS";"16790";"ORIENTAR PACIENTE SOBRE ALIMENTOS";"A"
"1502";"COMISSAO CUIDADOS PALIATIVOS";"16891";"ORIENTAR PARA AUTOCUIDADO";"A"
"1502";"COMISSAO CUIDADOS PALIATIVOS";"16831";"ORIENTAR PACIENTE SOBRE ROTINAS DA UNIDADE";"A"
"1502";"COMISSAO CUIDADOS PALIATIVOS";"28583";"APOIAR CUIDADOR/FAMÍLIA AO LONGO DO PROCESSO DE PESAR";"A"
"1502";"COMISSAO CUIDADOS PALIATIVOS";"45146";"CONSULTA DE PROFISSIONAIS DE NIVEL SUPERIOR NA ATENCAO ESPECIALIZADA (EXCETO MEDICO)";"A"
"1502";"COMISSAO CUIDADOS PALIATIVOS";"4336";"CONSULTA ATENDIMENTO EM ASSISTENCIA ESPECIALIZADA E DE ALTA COMPLEXIDADE";"A"
"1502";"COMISSAO CUIDADOS PALIATIVOS";"27733";"ORIENTAR IMPORTÂNCIA DA MUDANÇA DE HÁBITOS";"A"
"1502";"COMISSAO CUIDADOS PALIATIVOS";"27840";"ORIENTAR MEDIDAS PARA CONTROLE/ MINIMIZAÇÃO DOS SINTOMAS";"A"
"1502";"COMISSAO CUIDADOS PALIATIVOS";"16641";"ORIENTAR PACIENTE E FAMÍLIA ALTERNATIVAS PARA ALÍVIO DA DOR";"A"
"1502";"COMISSAO CUIDADOS PALIATIVOS";"27627";"ORIENTAR PACIENTE/FAMILIAR SOBRE MEDIDAS DE CONTROLE DOS SINTOMAS";"A"
"1502";"COMISSAO CUIDADOS PALIATIVOS";"27805";"ORIENTAR PACIENTE/FAMÍLIA SOBRE SINAIS DE ALERTA QUE NECESSITAM ATENDIMENTO IMEDIATO";"A"
"1502";"COMISSAO CUIDADOS PALIATIVOS";"16727";"CERTIFICAR QUE PACIENTE/ FAMÍLIA COMPREENDEU AS ORIENTAÇÕES";"A"
"1502";"COMISSAO CUIDADOS PALIATIVOS";"30154";"ENSINAR MÉTODOS DE RELAXAMENTO, MEDITAÇÃO E IMAGEM ORIENTADA";"A"
"1502";"COMISSAO CUIDADOS PALIATIVOS";"29831";"MONITORAR NÍVEL DE ORIENTAÇÃO QUANTO AO TEMPO, ESPAÇO E PESSOA";"A"
"1502";"COMISSAO CUIDADOS PALIATIVOS";"16820";"ORIENTAR EXERCÍCIOS RESPIRATÓRIOS";"A"
"1502";"COMISSAO CUIDADOS PALIATIVOS";"28579";"AJUDAR CUIDADOR/ FAMÍLIA A COMPREENDER QUE SENTIMENTO DE CULPA É UMA REAÇÃO NATURAL";"A"
"1502";"COMISSAO CUIDADOS PALIATIVOS";"28000";"CUIDADOS PALIATIVOS";"A"
"1264";"ENDOSCOPIA GINECOLÓGICA";"6717";"HISTEROSCOPIA DIAGNOSTICA";"A"
"1264";"ENDOSCOPIA GINECOLÓGICA";"4306";"COLETA DE MATERIAL PARA EXAMES CITOPATOLOGICOS             ";"A"
"1264";"ENDOSCOPIA GINECOLÓGICA";"44606";"CONSULTA DE ENFERMAGEM";"A"
"1264";"ENDOSCOPIA GINECOLÓGICA";"26224";"ADMINISTRACAO DE MEDICAMENTOS POR PACIENTE";"A"
"1265";"ENDOSCOPIA RESPIRATÓRIA";"6781";"BRONCOSCOPIA";"A"
"1265";"ENDOSCOPIA RESPIRATÓRIA";"5578";"COLETA DE LAVADO BRONQUICO    ";"A"
"1265";"ENDOSCOPIA RESPIRATÓRIA";"4306";"COLETA DE MATERIAL PARA EXAMES CITOPATOLOGICOS             ";"A"
"1265";"ENDOSCOPIA RESPIRATÓRIA";"26224";"ADMINISTRACAO DE MEDICAMENTOS POR PACIENTE";"A"
"1265";"ENDOSCOPIA RESPIRATÓRIA";"44606";"CONSULTA DE ENFERMAGEM";"A"
"1265";"ENDOSCOPIA RESPIRATÓRIA";"28265";"SEDACAO";"A"
"1265";"ENDOSCOPIA RESPIRATÓRIA";"30705";"ASPIRAR SECREÇÃO RESPIRATÓRIA";"A"
"1265";"ENDOSCOPIA RESPIRATÓRIA";"26638";"MONITORIZAÇÃO CARDÍACA CONTÍNUA";"A"
"1265";"ENDOSCOPIA RESPIRATÓRIA";"17062";"IMPLEMENTAR CUIDADOS COM OXIGENIOTERAPIA -CATETER NASAL";"A"
"1259";"ECOCARDIOGRAFIA";"5451";"ECOCARDIOGRAFIA BI-DIMENSIONAL COM OU SEM DOPPLER          ";"A"
"1260";"ECOGRAFIA VASCULAR COM DOPPLER";"3970";"ECOGRAFIA DE ABDOMEN TOTAL(ABDOMEN SUP. RETROPENTORIO, RINS E BEXIGA)";"A"
"1260";"ECOGRAFIA VASCULAR COM DOPPLER";"5434";"ECOGRAFIA DE BOLSA ESCROTAL   ";"A"
"1260";"ECOGRAFIA VASCULAR COM DOPPLER";"5436";"ECOGRAFIA DE ORGAO ABDOMINAL ISOLADO (MAXIMO 2)            ";"A"
"1260";"ECOGRAFIA VASCULAR COM DOPPLER";"5443";"ECOGRAFIA DE PROSTATA (VIA ABDOMINAL)                      ";"A"
"1260";"ECOGRAFIA VASCULAR COM DOPPLER";"5444";"ECOGRAFIA DE TIREOIDE         ";"A"
"1260";"ECOGRAFIA VASCULAR COM DOPPLER";"6303";"PUNCAO ORIENTADA COM ECOGRAFIA";"A"
"1452";"NEUROCIRURGIA PEDIÁTRICA";"26224";"ADMINISTRACAO DE MEDICAMENTOS POR PACIENTE";"A"
"1243";"ENDOSCOPIA";"15836";"ENDOSCOPIA DIGESTIVA ALTA";"A"
"1243";"ENDOSCOPIA";"15837";"ECOENDOSCOPIA DIGESTIVA ALTA";"A"
"1243";"ENDOSCOPIA";"3992";"COLONOSCOPIA";"A"
"1243";"ENDOSCOPIA";"5588";"GASTRO-DUODENOSCOPIA          ";"A"
"1243";"ENDOSCOPIA";"29645";"GASTROSTOMIA ENDOSCOPICA PERCUTANEA (INCLUI MATERIAL E SEDACAO)";"A"
"1243";"ENDOSCOPIA";"6169";"TROCA DE SONDA (GASTROSTOMIA)";"A"
"1243";"ENDOSCOPIA";"6612";"BIOPSIA LESAO CUTANEA OU MUCOSA";"A"
"1243";"ENDOSCOPIA";"6810";"POLIPECTOMIA";"A"
"1243";"ENDOSCOPIA";"12809";"RETOSSIGMOIDOSCOPIA COM POLIPECTOMIA";"A"
"1243";"ENDOSCOPIA";"5646";"POLIPECTOMIA DE COLON         ";"A"
"1243";"ENDOSCOPIA";"5647";"POLIPECTOMIA DE DUODENO       ";"A"
"1243";"ENDOSCOPIA";"5648";"POLIPECTOMIA DE ESOFAGO       ";"A"
"1243";"ENDOSCOPIA";"5649";"POLIPECTOMIA DE ESTOMAGO      ";"A"
"1243";"ENDOSCOPIA";"6893";"DILATACAO DE ESOFAGO";"A"
"1243";"ENDOSCOPIA";"6918";"LIGADURA DE VEIAS ESOFAGIANAS";"A"
"1243";"ENDOSCOPIA";"6805";"RETOSSIGMOIDOSCOPIA";"A"
"1243";"ENDOSCOPIA";"6309";"ESCLEROSE DE VARIZES ESOFAGICAS";"A"
"1243";"ENDOSCOPIA";"6272";"PASSAGEM DE SONDA NASOENTERAL";"A"
"787";"ENFERMAGEM DO TRABALHO";"44606";"CONSULTA DE ENFERMAGEM";"A"
"1340";"ENFERMAGEM EM TERAPIA INTENSIVA";"4303";"TESTE ESPECIFICO PARA DIABETES MELLITUS- GLICEMIA CAPILAR";"A"
"1340";"ENFERMAGEM EM TERAPIA INTENSIVA";"21374";"CURATIVO ADESIVO TRANSPARENTE 5,31CM X 7,6CM";"A"
"1340";"ENFERMAGEM EM TERAPIA INTENSIVA";"15813";"CURATIVO DE CATÉTER DUPLO LÚMEN";"A"
"1340";"ENFERMAGEM EM TERAPIA INTENSIVA";"16520";"CURATIVO EM FERIDA OPERATÓRIA";"A"
"1340";"ENFERMAGEM EM TERAPIA INTENSIVA";"17156";"REALIZAR CURATIVOS";"A"
"1340";"ENFERMAGEM EM TERAPIA INTENSIVA";"14874";"VISITA DOMICILIAR P/CONSULTA/ATENDIMENTO EM ASSISTENCIA ESP.";"A"
"1340";"ENFERMAGEM EM TERAPIA INTENSIVA";"6009";"SUBGRUPO 02 - OUTRAS ACOES EXECUTADAS POR ENFERMEIRO(A) E OUTROS";"A"
"1340";"ENFERMAGEM EM TERAPIA INTENSIVA";"4299";"ADMINISTRACAO DE MEDICAMENTOS POR PACIENTE                 ";"A"
"1340";"ENFERMAGEM EM TERAPIA INTENSIVA";"3945";"CICLODIALISE                  ";"A"
"1340";"ENFERMAGEM EM TERAPIA INTENSIVA";"6077";"RETIRADA DE PONTOS DE CIRURGIAS BASICAS - POR PACIENTE     ";"A"
"548";"URGENCIA GINECOLOGICA";"6049";"ATENDIMENTO CLINICO COM OBSERVACAO ATE 24 HORAS            ";"A"
"548";"URGENCIA GINECOLOGICA";"4133";"ADMINISTRACAO DE MEDICAMENTOS POR PACIENTE                 ";"A"
"548";"URGENCIA GINECOLOGICA";"16521";"SONDAGEM VESICAL DE ALÍVIO";"A"
"548";"URGENCIA GINECOLOGICA";"16523";"HGT";"A"
"548";"URGENCIA GINECOLOGICA";"3966";"INALACAO / NEBULIZACAO        ";"A"
"548";"URGENCIA GINECOLOGICA";"13299";"MULTISTIX";"A"
"548";"URGENCIA GINECOLOGICA";"4553";"REMOCAO MANUAL DE FECALOMA    ";"A"
"548";"URGENCIA GINECOLOGICA";"4686";"PUNCAO OU ASPIRACAO VESICAL   ";"A"
"140";"ENFERMAGEM OBSTETRICA";"4292";"APLICACAO DA VACINA DUPLA TIPO ADULTO (DT) 3a DOSE         ";"A"
"140";"ENFERMAGEM OBSTETRICA";"6017";"CURATIVO POR PACIENTE         ";"A"
"140";"ENFERMAGEM OBSTETRICA";"4291";"APLICACAO DA VACINA DUPLA TIPO ADULTO (DT) 1a DOSE         ";"A"
"140";"ENFERMAGEM OBSTETRICA";"6085";"APLICACAO DA VACINA DUPLA TIPO ADULTO (DT) 2a DOSE         ";"A"
"140";"ENFERMAGEM OBSTETRICA";"4303";"TESTE ESPECIFICO PARA DIABETES MELLITUS- GLICEMIA CAPILAR";"A"
"140";"ENFERMAGEM OBSTETRICA";"4305";"TESTE ESPECIFICO PARA DIABETES MELLITUS- CETONURIA";"A"
"140";"ENFERMAGEM OBSTETRICA";"4299";"ADMINISTRACAO DE MEDICAMENTOS POR PACIENTE                 ";"A"
"140";"ENFERMAGEM OBSTETRICA";"6077";"RETIRADA DE PONTOS DE CIRURGIAS BASICAS - POR PACIENTE     ";"A"
"140";"ENFERMAGEM OBSTETRICA";"6086";"APLICACAO DA VACINA DUPLA TIPO ADULTO (DT) REFORCO";"A"
"140";"ENFERMAGEM OBSTETRICA";"4304";"TESTE ESPECIFICO P/ DIABETES MELITUS - GLICOSURIA";"A"
"140";"ENFERMAGEM OBSTETRICA";"4306";"COLETA DE MATERIAL PARA EXAMES CITOPATOLOGICOS             ";"A"
"140";"ENFERMAGEM OBSTETRICA";"44606";"CONSULTA DE ENFERMAGEM";"A"
"1320";"ENFERMAGEM ENDOCRINOLÓGICA";"45146";"CONSULTA DE PROFISSIONAIS DE NIVEL SUPERIOR NA ATENCAO ESPECIALIZADA (EXCETO MEDICO)";"A"
"786";"ENFERMAGEM PEDIATRICA";"4299";"ADMINISTRACAO DE MEDICAMENTOS POR PACIENTE                 ";"A"
"786";"ENFERMAGEM PEDIATRICA";"6077";"RETIRADA DE PONTOS DE CIRURGIAS BASICAS - POR PACIENTE     ";"A"
"786";"ENFERMAGEM PEDIATRICA";"6017";"CURATIVO POR PACIENTE         ";"A"
"786";"ENFERMAGEM PEDIATRICA";"4304";"TESTE ESPECIFICO P/ DIABETES MELITUS - GLICOSURIA";"A"
"786";"ENFERMAGEM PEDIATRICA";"4305";"TESTE ESPECIFICO PARA DIABETES MELLITUS- CETONURIA";"A"
"786";"ENFERMAGEM PEDIATRICA";"4303";"TESTE ESPECIFICO PARA DIABETES MELLITUS- GLICEMIA CAPILAR";"A"
"786";"ENFERMAGEM PEDIATRICA";"44606";"CONSULTA DE ENFERMAGEM";"A"
"1456";"FISIOTERAPIA";"30921";"FISIOTERAPIA MOTORA";"A"
"1456";"FISIOTERAPIA";"28043";"ATENDIMENTO FISIOTERAPEUTICO NAS DISFUNÇÕES VASCULARES PERIFERICAS";"A"
"1456";"FISIOTERAPIA";"28037";"ATENDIMENTO FISIOTERAPEUTICO EM PACIENTES ONCOLOGICOS CLINICOS";"A"
"1456";"FISIOTERAPIA";"28044";"ATENDIMENTO FISIOTERAPEUTICO EM PACIENTES NO PRE/POS-OPERATORIO NAS DISFUNÇÕES MUSCULO ESQUELETICAS";"A"
"1456";"FISIOTERAPIA";"28042";"ATENDIMENTO FISIOTERAPEUTICO EM PACIENTE PRE/POS CIRURGIA CARDIOVASCULAR";"A"
"1456";"FISIOTERAPIA";"28038";"ATENDIMENTO FISIOTERAPEUTICO EM PACIENTE NO PRE E POS CIRURGIAS ONCOLOGICA";"A"
"1456";"FISIOTERAPIA";"28035";"ATENDIMENTO FISIOTERAPEUTICO EM PACIENTE NEONATO";"A"
"1456";"FISIOTERAPIA";"28040";"ATENDIMENTO FISIOTERAPEUTICO EM PACIENTE C/ TRANSTORNO RESPIRATORIO S/ COMPLICAÇOES SISTEMICAS";"A"
"1456";"FISIOTERAPIA";"28039";"ATENDIMENTO FISIOTERAPEUTICO EM PACIENTE C/ TRANSTORNO RESPIRATORIO C/  COMPLICAÇOES SISTEMICAS";"A"
"1456";"FISIOTERAPIA";"28041";"ATENDIMENTO FISIOTERAPEUTICO EM PACIENTE C/ TRANSTORNO CLINICO CARDIOVASCULAR";"A"
"1456";"FISIOTERAPIA";"28048";"ATENDIMENTO FISIOTERAPEU NAS DESORDENS DO DESENVOLV NEURO MOTOR";"A"
"1456";"FISIOTERAPIA";"28049";"ATENDIMENTO FISIOTERAPEU EM PACIENTE NO PRE/POS-OPERATORIO DE NEUROCIRURGIA";"A"
"1456";"FISIOTERAPIA";"28045";"ATENDIMENTO FISIOTERAPEU EM PACIEN NO PRE/POS-OPERAT NAS DISFUN MUSC ESQUEL C/ COMPL SISTEM";"A"
"1456";"FISIOTERAPIA";"28046";"ATENDIMENTO FISIOTERAPEU EM PACIEN C/ DISTURBIOS NEURO- CINET-FUNCION S/ COMPL SISTEM";"A"
"1456";"FISIOTERAPIA";"28047";"ATENDIMENTO FISIOTERAPEU EM PACIEN C/ DISTURBIOS NEURO-CINET-FUNCIO C/ COMPLICAÇÕES SISTEMICAS";"A"
"1456";"FISIOTERAPIA";"45146";"CONSULTA DE PROFISSIONAIS DE NIVEL SUPERIOR NA ATENCAO ESPECIALIZADA (EXCETO MEDICO)";"A"
"1395";"FARMÁCIA CLÍNICA";"45146";"CONSULTA DE PROFISSIONAIS DE NIVEL SUPERIOR NA ATENCAO ESPECIALIZADA (EXCETO MEDICO)";"A"
"537";"DOR";"4133";"ADMINISTRACAO DE MEDICAMENTOS POR PACIENTE                 ";"A"
"1448";"NEUROLOGIA PEDIATRICA - FOLLOW UP";"26634";"VERIFICAR SINAIS VITAIS";"A"
"1454";"ENFERMAGEM EM COLONOSCOPIA";"4133";"ADMINISTRACAO DE MEDICAMENTOS POR PACIENTE                 ";"A"
"1454";"ENFERMAGEM EM COLONOSCOPIA";"4303";"TESTE ESPECIFICO PARA DIABETES MELLITUS- GLICEMIA CAPILAR";"A"
"180";"FARMACOLOGIA";"4133";"ADMINISTRACAO DE MEDICAMENTOS POR PACIENTE                 ";"A"
"180";"FARMACOLOGIA";"45146";"CONSULTA DE PROFISSIONAIS DE NIVEL SUPERIOR NA ATENCAO ESPECIALIZADA (EXCETO MEDICO)";"A"
"134";"ENDOCRINOLOGIA E METABOLOGIA";"4072";"PUNCAO DE TIREOIDE            ";"A"
"134";"ENDOCRINOLOGIA E METABOLOGIA";"4305";"TESTE ESPECIFICO PARA DIABETES MELLITUS- CETONURIA";"A"
"134";"ENDOCRINOLOGIA E METABOLOGIA";"4304";"TESTE ESPECIFICO P/ DIABETES MELITUS - GLICOSURIA";"A"
"134";"ENDOCRINOLOGIA E METABOLOGIA";"4303";"TESTE ESPECIFICO PARA DIABETES MELLITUS- GLICEMIA CAPILAR";"A"
"134";"ENDOCRINOLOGIA E METABOLOGIA";"30729";"Hemoglicoteste";"A"
"134";"ENDOCRINOLOGIA E METABOLOGIA";"26224";"ADMINISTRACAO DE MEDICAMENTOS POR PACIENTE";"A"
"134";"ENDOCRINOLOGIA E METABOLOGIA";"44606";"CONSULTA DE ENFERMAGEM";"A"
"134";"ENDOCRINOLOGIA E METABOLOGIA";"45146";"CONSULTA DE PROFISSIONAIS DE NIVEL SUPERIOR NA ATENCAO ESPECIALIZADA (EXCETO MEDICO)";"A"
"1262";"ENDOCRINOLOGIA PEDIÁTRICA";"30729";"Hemoglicoteste";"A"
"1262";"ENDOCRINOLOGIA PEDIÁTRICA";"4133";"ADMINISTRACAO DE MEDICAMENTOS POR PACIENTE                 ";"A"
"205";"GASTROENTEROLOGIA PEDIÁTRICA";"4133";"ADMINISTRACAO DE MEDICAMENTOS POR PACIENTE                 ";"A"
"528";"PSICOLOGIA";"4302";"APLICACAO DE TESTE PARA PSICODIAGNOSTICO                   ";"A"
"528";"PSICOLOGIA";"45146";"CONSULTA DE PROFISSIONAIS DE NIVEL SUPERIOR NA ATENCAO ESPECIALIZADA (EXCETO MEDICO)";"A"
"1266";"ERGOMETRIA";"4274";"TESTE DE ESFORCO OU TESTE ERGOMETRICO                      ";"A"
"30";"CIRURGIA E TRAUMATOLOGIA BUCO MAXILO FACIAIS";"4535";"INCISAO DRENAGEM DE HEMATOMA  ";"A"
"30";"CIRURGIA E TRAUMATOLOGIA BUCO MAXILO FACIAIS";"6017";"CURATIVO POR PACIENTE         ";"A"
"30";"CIRURGIA E TRAUMATOLOGIA BUCO MAXILO FACIAIS";"3928";"APLICACAO TERAPEUTICA INTENSIVA COM FLUOR - POR SESSAO     ";"A"
"30";"CIRURGIA E TRAUMATOLOGIA BUCO MAXILO FACIAIS";"3874";"RADIOGRAFIA OCLUSAL           ";"A"
"30";"CIRURGIA E TRAUMATOLOGIA BUCO MAXILO FACIAIS";"6063";"RESTAURACAO DE DENTE PERMANENTE POSTERIOR";"A"
"30";"CIRURGIA E TRAUMATOLOGIA BUCO MAXILO FACIAIS";"6069";"INCISAO E DRENAGEM DE ABCESSO ";"A"
"30";"CIRURGIA E TRAUMATOLOGIA BUCO MAXILO FACIAIS";"4816";"MANUTENCAO CONSERTO DE APARELHOS ORTODONTICOS              ";"A"
"30";"CIRURGIA E TRAUMATOLOGIA BUCO MAXILO FACIAIS";"4811";"RASPAGEM CORONNO-RADICULAR POR HEMI-ARCADA                 ";"A"
"30";"CIRURGIA E TRAUMATOLOGIA BUCO MAXILO FACIAIS";"4823";"TRATAMENTO DE PERFURACAO RADICULAR                         ";"A"
"30";"CIRURGIA E TRAUMATOLOGIA BUCO MAXILO FACIAIS";"4821";"RETRATAMENTO ENDODONTICO EM DENTE PERMANENTE BI-RADICULAR  ";"A"
"30";"CIRURGIA E TRAUMATOLOGIA BUCO MAXILO FACIAIS";"4818";"RETRATAMENTO ENDODONTICO EM DENTE PERMANENTE UNI-RADICULAR ";"A"
"30";"CIRURGIA E TRAUMATOLOGIA BUCO MAXILO FACIAIS";"4758";"TRATAMENTO ENDONDONTICO EM DENTE PERMANENTE BI-RADICULAR   ";"A"
"30";"CIRURGIA E TRAUMATOLOGIA BUCO MAXILO FACIAIS";"4819";"RETRATAMENTO ENDODONTICO EM DENTE DECIDUO UNI-RADICULAR    ";"A"
"30";"CIRURGIA E TRAUMATOLOGIA BUCO MAXILO FACIAIS";"4817";"NECROPULPECTOMIA EM DENTE DECIDUO OU PERMANENTE            ";"A"
"30";"CIRURGIA E TRAUMATOLOGIA BUCO MAXILO FACIAIS";"4545";"TRATAMENTO DE FISTULA ORO-NASAL                            ";"A"
"30";"CIRURGIA E TRAUMATOLOGIA BUCO MAXILO FACIAIS";"3895";"ANTROSTOMIA MAXILAR INTRA-NASAL                            ";"A"
"30";"CIRURGIA E TRAUMATOLOGIA BUCO MAXILO FACIAIS";"4701";"RETIRADA DE CORPO ESTRANHO DO NARIZ SOB ANESTESIA GERAL    ";"A"
"30";"CIRURGIA E TRAUMATOLOGIA BUCO MAXILO FACIAIS";"4694";"RETIRADA DE CORPO ESTRANHO EM FARINGE                      ";"A"
"30";"CIRURGIA E TRAUMATOLOGIA BUCO MAXILO FACIAIS";"4692";"DRENAGEM DE ABCESSO OU HEMATOMA (DO SEPTO NASAL)           ";"A"
"30";"CIRURGIA E TRAUMATOLOGIA BUCO MAXILO FACIAIS";"4537";"INCISAO E DRENAGEN DE FLEIMAO ";"A"
"30";"CIRURGIA E TRAUMATOLOGIA BUCO MAXILO FACIAIS";"6068";"FRENECTOMIA                   ";"A"
"30";"CIRURGIA E TRAUMATOLOGIA BUCO MAXILO FACIAIS";"6067";"EXCISAO E SUTURA SIMPLES PEQUENAS LESOES DE PELE/MUCOSA    ";"A"
"30";"CIRURGIA E TRAUMATOLOGIA BUCO MAXILO FACIAIS";"3904";"REDUCAO INCRUENTA DE LUXACACAO DA ARTICULACAO TEMPERO-MANDIBULAR";"A"
"30";"CIRURGIA E TRAUMATOLOGIA BUCO MAXILO FACIAIS";"6056";"ULOTOMIA                      ";"A"
"30";"CIRURGIA E TRAUMATOLOGIA BUCO MAXILO FACIAIS";"6033";"TRATAMENTO DE EMERGENCIA, FRATURA ALVEOLO-DENTARIO REDUCAO  CRUENTA OU INCRUENTA";"A"
"30";"CIRURGIA E TRAUMATOLOGIA BUCO MAXILO FACIAIS";"4809";"CIRURGIA PERIODONTAL POR HEMI-ARCADA                       ";"A"
"30";"CIRURGIA E TRAUMATOLOGIA BUCO MAXILO FACIAIS";"4840";"SINUSOTOMIA MAXILAR UNILATERAL";"A"
"30";"CIRURGIA E TRAUMATOLOGIA BUCO MAXILO FACIAIS";"4765";"RETIRADA DE MATERIAL DE SINTESE(FIOS,PINOS,ARCOS E PLACAS APLICADOS AOS OSSOS DA FACE)";"A"
"30";"CIRURGIA E TRAUMATOLOGIA BUCO MAXILO FACIAIS";"3902";"REMOCAO DE FOCO RESIDUAL      ";"A"
"30";"CIRURGIA E TRAUMATOLOGIA BUCO MAXILO FACIAIS";"4837";"REMOCAO DE CISTO              ";"A"
"30";"CIRURGIA E TRAUMATOLOGIA BUCO MAXILO FACIAIS";"4835";"RECONSTRUCAO PARCIAL DO LABIO TRAUMATIZADO                 ";"A"
"30";"CIRURGIA E TRAUMATOLOGIA BUCO MAXILO FACIAIS";"4767";"LACADA, TUNELIZACAO           ";"A"
"30";"CIRURGIA E TRAUMATOLOGIA BUCO MAXILO FACIAIS";"3860";"RESTAURACAO DE DENTE DECIDUO";"A"
"30";"CIRURGIA E TRAUMATOLOGIA BUCO MAXILO FACIAIS";"6064";"CONSULTA ODONTOLOGICA (1a CONSULTA)                        ";"A"
"30";"CIRURGIA E TRAUMATOLOGIA BUCO MAXILO FACIAIS";"3871";"CAPEAMENTO PULPAR DIRETO EM DENTE PERMANENTE               ";"A"
"30";"CIRURGIA E TRAUMATOLOGIA BUCO MAXILO FACIAIS";"3897";"RADIOGRAFIA PERI-APICAL, INTERPROXIMAL (BITE-WING)         ";"A"
"30";"CIRURGIA E TRAUMATOLOGIA BUCO MAXILO FACIAIS";"3917";"BIOPSIA DE LABIO              ";"A"
"30";"CIRURGIA E TRAUMATOLOGIA BUCO MAXILO FACIAIS";"3849";"CONTROLE DA PLACA BACTERIANA  ";"A"
"30";"CIRURGIA E TRAUMATOLOGIA BUCO MAXILO FACIAIS";"6065";"APLICACAO DE SELANTE POR DENTE";"A"
"30";"CIRURGIA E TRAUMATOLOGIA BUCO MAXILO FACIAIS";"4197";"APLICACAO DE CARIOSTATICO POR DENTE                        ";"A"
"30";"CIRURGIA E TRAUMATOLOGIA BUCO MAXILO FACIAIS";"4133";"ADMINISTRACAO DE MEDICAMENTOS POR PACIENTE                 ";"A"
"30";"CIRURGIA E TRAUMATOLOGIA BUCO MAXILO FACIAIS";"4533";"EXERESE DE CISTO SEBACEO      ";"A"
"30";"CIRURGIA E TRAUMATOLOGIA BUCO MAXILO FACIAIS";"4544";"SUTURA DE FERIMENTOS EXTERNOS, COM OU SEM DEBRIDAMENTO     ";"A"
"30";"CIRURGIA E TRAUMATOLOGIA BUCO MAXILO FACIAIS";"3918";"EXCISAO E SUTURA DE TEGUMENTO NA FACE                      ";"A"
"30";"CIRURGIA E TRAUMATOLOGIA BUCO MAXILO FACIAIS";"4853";"REEMBASAMENTO DE PROTESE      ";"A"
"30";"CIRURGIA E TRAUMATOLOGIA BUCO MAXILO FACIAIS";"4851";"MANUTENCAO PERIODICA DE PROTESES BUCO MAXILO-FACIAIS       ";"A"
"30";"CIRURGIA E TRAUMATOLOGIA BUCO MAXILO FACIAIS";"4815";"COLOCACAO DE PLACA DE MORDIDA ";"A"
"30";"CIRURGIA E TRAUMATOLOGIA BUCO MAXILO FACIAIS";"6060";"CURETAGEM SUB-GENGIVAL E POLIMENTO DENTARIO POR HEMI-ARCADA";"A"
"30";"CIRURGIA E TRAUMATOLOGIA BUCO MAXILO FACIAIS";"4820";"TRATAMENTO ENDODONTICO EM DENTE PERMANENTE UNI-RADICULAR   ";"A"
"30";"CIRURGIA E TRAUMATOLOGIA BUCO MAXILO FACIAIS";"4822";"RETRATAMENTO ENDODONTICO EM DENTE PERMANENTE TRI-RADICULAR ";"A"
"30";"CIRURGIA E TRAUMATOLOGIA BUCO MAXILO FACIAIS";"4572";"REVISAO E TROCA DE APARELHO GESSADO EM LESAO DOS OSSOS DA FACE";"A"
"30";"CIRURGIA E TRAUMATOLOGIA BUCO MAXILO FACIAIS";"4897";"TRANSAMINASE PIRUVICA (ALANIMA AMINO TRANSFERASE)          ";"A"
"30";"CIRURGIA E TRAUMATOLOGIA BUCO MAXILO FACIAIS";"4846";"COTENCAO (SPLINTAGEM)         ";"A"
"30";"CIRURGIA E TRAUMATOLOGIA BUCO MAXILO FACIAIS";"4542";"EXCISAO E SUTURA DE LINFANGIOMA OU NEVUS";"A"
"30";"CIRURGIA E TRAUMATOLOGIA BUCO MAXILO FACIAIS";"4231";"EXCISAO EM CUNHA DO LABIO     ";"A"
"30";"CIRURGIA E TRAUMATOLOGIA BUCO MAXILO FACIAIS";"3916";"EXCISAO DE SUTURA DE LESAO NA BOCA                         ";"A"
"30";"CIRURGIA E TRAUMATOLOGIA BUCO MAXILO FACIAIS";"6034";"EXCISAO DE FENOMENOS DE RETENCAO SALIVAR                   ";"A"
"30";"CIRURGIA E TRAUMATOLOGIA BUCO MAXILO FACIAIS";"4766";"TRATMENTO CIRURGICO DE FISTULA BUCO-NASAL                  ";"A"
"30";"CIRURGIA E TRAUMATOLOGIA BUCO MAXILO FACIAIS";"4198";"CORRECAO CIRURGICA DE FISTULA ORO-NASAL OU ORO-SINUSAL     ";"A"
"30";"CIRURGIA E TRAUMATOLOGIA BUCO MAXILO FACIAIS";"4836";"REIMPLANTE E TRANSPLANTE DENTAL POR ELEMENTO               ";"A"
"30";"CIRURGIA E TRAUMATOLOGIA BUCO MAXILO FACIAIS";"4834";"RECONSTRUCAO DE SULCO GENGIVO-LABIAL                       ";"A"
"30";"CIRURGIA E TRAUMATOLOGIA BUCO MAXILO FACIAIS";"4833";"MARSUPIALIZACAO DE LESOES     ";"A"
"30";"CIRURGIA E TRAUMATOLOGIA BUCO MAXILO FACIAIS";"4832";"MARSUPIALIZACAO DE CISTOS     ";"A"
"30";"CIRURGIA E TRAUMATOLOGIA BUCO MAXILO FACIAIS";"4810";"GENGIVOPLASTIA POR HEMI-ARCADA";"A"
"30";"CIRURGIA E TRAUMATOLOGIA BUCO MAXILO FACIAIS";"4831";"EXODONTIA MULTIPLA COM ALVEOLOPLASTIA POR HEMI-ARCO        ";"A"
"30";"CIRURGIA E TRAUMATOLOGIA BUCO MAXILO FACIAIS";"6052";"EXODONTIA DE DENTE DECIDUO    ";"A"
"30";"CIRURGIA E TRAUMATOLOGIA BUCO MAXILO FACIAIS";"3923";"EXCISAO DE GLANDULA SUBMAXILAR";"A"
"30";"CIRURGIA E TRAUMATOLOGIA BUCO MAXILO FACIAIS";"3924";"REMOCAO DE CALCULO SALIVAR    ";"A"
"30";"CIRURGIA E TRAUMATOLOGIA BUCO MAXILO FACIAIS";"4864";"PROTESES PARA GRANDES PERDAS MAXILARES                     ";"A"
"30";"CIRURGIA E TRAUMATOLOGIA BUCO MAXILO FACIAIS";"4860";"PLACAS DE CONTENCAO           ";"A"
"30";"CIRURGIA E TRAUMATOLOGIA BUCO MAXILO FACIAIS";"3907";"GUIA SAGITAL                  ";"A"
"30";"CIRURGIA E TRAUMATOLOGIA BUCO MAXILO FACIAIS";"4856";"AUTOMOBILAZADORES             ";"A"
"30";"CIRURGIA E TRAUMATOLOGIA BUCO MAXILO FACIAIS";"4873";"PROTESE OCULO-PALPEBRAL       ";"A"
"30";"CIRURGIA E TRAUMATOLOGIA BUCO MAXILO FACIAIS";"3911";"PROTESE LABIAL                ";"A"
"30";"CIRURGIA E TRAUMATOLOGIA BUCO MAXILO FACIAIS";"4876";"PROTESE INFRA ORBITARIA       ";"A"
"30";"CIRURGIA E TRAUMATOLOGIA BUCO MAXILO FACIAIS";"4871";"PROTESE AURICULAR             ";"A"
"30";"CIRURGIA E TRAUMATOLOGIA BUCO MAXILO FACIAIS";"4869";"PROTESE ADESIVA METALOCERAMICA POR ELEMENTO                ";"A"
"30";"CIRURGIA E TRAUMATOLOGIA BUCO MAXILO FACIAIS";"4867";"COROAS COM ENCAIXES           ";"A"
"30";"CIRURGIA E TRAUMATOLOGIA BUCO MAXILO FACIAIS";"4858";"COROAS PROTETICAS             ";"A"
"30";"CIRURGIA E TRAUMATOLOGIA BUCO MAXILO FACIAIS";"3910";"PROTESES - PARCIAIS FIXAS - POR ELEMENTO                   ";"A"
"30";"CIRURGIA E TRAUMATOLOGIA BUCO MAXILO FACIAIS";"4865";"PROTESE COMPLEMENTAR DAS RADIOTERAPIAS                     ";"A"
"30";"CIRURGIA E TRAUMATOLOGIA BUCO MAXILO FACIAIS";"4756";"COLOCACAO DE PLANO INCLINADO  ";"A"
"30";"CIRURGIA E TRAUMATOLOGIA BUCO MAXILO FACIAIS";"4861";"PLACA OCLUSAIS                ";"A"
"30";"CIRURGIA E TRAUMATOLOGIA BUCO MAXILO FACIAIS";"4850";"COROA PROVISORIA              ";"A"
"30";"CIRURGIA E TRAUMATOLOGIA BUCO MAXILO FACIAIS";"4857";"COROAS DE POLICARBOXILATO (DENTE DECIDUO)                  ";"A"
"30";"CIRURGIA E TRAUMATOLOGIA BUCO MAXILO FACIAIS";"4814";"COLOCACAO DE APARELHOS REMOVIVEL";"I"
"30";"CIRURGIA E TRAUMATOLOGIA BUCO MAXILO FACIAIS";"4813";"COLOCACAO DE APARELHOS FIXO BILATERAL PARA FECHAMENTO DE DIASTEMA";"A"
"30";"CIRURGIA E TRAUMATOLOGIA BUCO MAXILO FACIAIS";"4844";"ULECTOMIA                     ";"A"
"30";"CIRURGIA E TRAUMATOLOGIA BUCO MAXILO FACIAIS";"6055";"TRATAMENTO DE ALVEOLITE       ";"A"
"30";"CIRURGIA E TRAUMATOLOGIA BUCO MAXILO FACIAIS";"4827";"CIRURGIA COM FINALIADADE ORTODONTICA                       ";"A"
"30";"CIRURGIA E TRAUMATOLOGIA BUCO MAXILO FACIAIS";"3851";"TRATAMENTO DE HEMORRAGIA OU PEQUENOS PROCEDIMENTOS DE EMERGENCIA";"A"
"30";"CIRURGIA E TRAUMATOLOGIA BUCO MAXILO FACIAIS";"3922";"SELAMENTO DE FISTULA CUTANEA ODONTOGENICA                  ";"A"
"30";"CIRURGIA E TRAUMATOLOGIA BUCO MAXILO FACIAIS";"4839";"REMOCAO DE TORUS E EXOSTOSES  ";"A"
"30";"CIRURGIA E TRAUMATOLOGIA BUCO MAXILO FACIAIS";"4764";"REMOCAO DE DENTE RETIDO (INCLUSO OU IMPACTADO)             ";"A"
"30";"CIRURGIA E TRAUMATOLOGIA BUCO MAXILO FACIAIS";"4838";"REMOCAO DE CORPO ESTRANHO DA REGIAO BUCO-MAXILO-FACIAL     ";"A"
"30";"CIRURGIA E TRAUMATOLOGIA BUCO MAXILO FACIAIS";"3728";"ENXERTO GENGIVAL              ";"A"
"30";"CIRURGIA E TRAUMATOLOGIA BUCO MAXILO FACIAIS";"4828";"CORRECAO DE TUBEROSIDADE      ";"A"
"30";"CIRURGIA E TRAUMATOLOGIA BUCO MAXILO FACIAIS";"4762";"CORRECAO DE HIPERTROFIA DE REBORDO ALVEOLAR                ";"A"
"30";"CIRURGIA E TRAUMATOLOGIA BUCO MAXILO FACIAIS";"4760";"APROFUNDAMENTO DE VESTIBULO POR HEMI-ARCADA                ";"A"
"30";"CIRURGIA E TRAUMATOLOGIA BUCO MAXILO FACIAIS";"4826";"APICETOMIA COM OU SEM OBTURACAO RETROGADA                  ";"A"
"30";"CIRURGIA E TRAUMATOLOGIA BUCO MAXILO FACIAIS";"4491";"FRATURA DA MANDIBULA POR HEMIFACE                          ";"A"
"30";"CIRURGIA E TRAUMATOLOGIA BUCO MAXILO FACIAIS";"4803";"TRATAMENTO DO ARCO ZIGMATICO  ";"A"
"30";"CIRURGIA E TRAUMATOLOGIA BUCO MAXILO FACIAIS";"4527";"TRATAMENTO DOS OSSOS DA FACE  ";"A"
"30";"CIRURGIA E TRAUMATOLOGIA BUCO MAXILO FACIAIS";"4695";"TAMPONAMENTO ANTERO-POSTERIOR ";"A"
"30";"CIRURGIA E TRAUMATOLOGIA BUCO MAXILO FACIAIS";"4201";"TAMPONAMENTO ANTERIOR (EPISTAXE)                           ";"A"
"30";"CIRURGIA E TRAUMATOLOGIA BUCO MAXILO FACIAIS";"4700";"RETIRADA CORPO ESTRANHO FARINGE SOB ANETESIA GERAL         ";"A"
"30";"CIRURGIA E TRAUMATOLOGIA BUCO MAXILO FACIAIS";"4211";"RETIRADA DE CORPO ESTRANHO EM C.A.E., SOB ANESTESIA GERAL  ";"A"
"30";"CIRURGIA E TRAUMATOLOGIA BUCO MAXILO FACIAIS";"4693";"PUNCAO TRANSMEATICA PARA SEIO MAXILAR (UNILATERAL)         ";"A"
"30";"CIRURGIA E TRAUMATOLOGIA BUCO MAXILO FACIAIS";"4539";"TRATAMENTO DA MIIASE FURUNCULOIDE                          ";"A"
"30";"CIRURGIA E TRAUMATOLOGIA BUCO MAXILO FACIAIS";"4536";"INCISAO E DRENAGEM DE CELULITE";"A"
"30";"CIRURGIA E TRAUMATOLOGIA BUCO MAXILO FACIAIS";"4534";"EXERESE DE LIPOMA             ";"A"
"30";"CIRURGIA E TRAUMATOLOGIA BUCO MAXILO FACIAIS";"3915";"PULPOTOMIA EM DENTE DECIDUO OU PERMANENTE E SELAMENTO PROVISORIO";"A"
"30";"CIRURGIA E TRAUMATOLOGIA BUCO MAXILO FACIAIS";"4759";"TRATAMENTO ENDODONTICO EM DENTE PERMANENTE TRI-RADICULAR   ";"A"
"30";"CIRURGIA E TRAUMATOLOGIA BUCO MAXILO FACIAIS";"4825";"RETRATAMENTO ENDODONTICO EM DENTE DECICUO MULTI-RADICULAR  ";"A"
"30";"CIRURGIA E TRAUMATOLOGIA BUCO MAXILO FACIAIS";"4824";"TRATAMENTO ENDODONTICO EM DENTE DECIDUO MULTI-RADICULAR    ";"A"
"30";"CIRURGIA E TRAUMATOLOGIA BUCO MAXILO FACIAIS";"4757";"TRATAMENTO ENDONDONTICO EM DENTE DECIDUO UNI-RADICULAR     ";"A"
"30";"CIRURGIA E TRAUMATOLOGIA BUCO MAXILO FACIAIS";"4843";"TRATAMENTO CLINICO DAS NEVRALGIAS FACIAIS                  ";"A"
"30";"CIRURGIA E TRAUMATOLOGIA BUCO MAXILO FACIAIS";"6059";"RESTAURACAO DE DENTE PERMANENTE ANTERIOR";"A"
"30";"CIRURGIA E TRAUMATOLOGIA BUCO MAXILO FACIAIS";"6051";"RESTAURACAO DE DENTE PERMANENTE ANTERIOR";"A"
"30";"CIRURGIA E TRAUMATOLOGIA BUCO MAXILO FACIAIS";"3919";"GLOSSORRAFIA                  ";"A"
"30";"CIRURGIA E TRAUMATOLOGIA BUCO MAXILO FACIAIS";"4755";"GENGIVECTOMIA                 ";"A"
"30";"CIRURGIA E TRAUMATOLOGIA BUCO MAXILO FACIAIS";"6053";"EXODONTIA DE DENTE PERMANENTE ";"A"
"30";"CIRURGIA E TRAUMATOLOGIA BUCO MAXILO FACIAIS";"4830";"EXCISAO DE CALCULO DE GLANDULA SALIVAR                     ";"A"
"30";"CIRURGIA E TRAUMATOLOGIA BUCO MAXILO FACIAIS";"4829";"ENXERTO OSSEO                 ";"A"
"30";"CIRURGIA E TRAUMATOLOGIA BUCO MAXILO FACIAIS";"4763";"CURETAGEM PERIAPICAL          ";"A"
"30";"CIRURGIA E TRAUMATOLOGIA BUCO MAXILO FACIAIS";"3903";"CORRECAO DE BRIDAS MUSCULARES ";"A"
"30";"CIRURGIA E TRAUMATOLOGIA BUCO MAXILO FACIAIS";"4845";"APICTOMIA COM OBSTRCAO RETROGADA                           ";"A"
"30";"CIRURGIA E TRAUMATOLOGIA BUCO MAXILO FACIAIS";"4761";"AVEOLOTOMIA POR ARCADA        ";"A"
"30";"CIRURGIA E TRAUMATOLOGIA BUCO MAXILO FACIAIS";"4492";"TRATAMENTO DOS OSSOS DO NARIZ ";"A"
"30";"CIRURGIA E TRAUMATOLOGIA BUCO MAXILO FACIAIS";"4494";"TRATAMENTO DOS OSSOS DA FACE  ";"A"
"30";"CIRURGIA E TRAUMATOLOGIA BUCO MAXILO FACIAIS";"4848";"REDUCAO INCRUETA DE FRATURA ALVEOLO-DENTARIA               ";"A"
"30";"CIRURGIA E TRAUMATOLOGIA BUCO MAXILO FACIAIS";"4262";"RETIRADA DE MATERIAL DE SINTESE (FIO DE KIRSCHNER, HASTE, PARAFUSO, PLACA,PREGO DE STEINNAM)";"A"
"30";"CIRURGIA E TRAUMATOLOGIA BUCO MAXILO FACIAIS";"4698";"EXERESE DE CISTO NASO-ALVEOLAR E GLOBULAR                  ";"A"
"30";"CIRURGIA E TRAUMATOLOGIA BUCO MAXILO FACIAIS";"3921";"SUTURA DE FERIDA DA MUCOSA BUCAL E FACE                    ";"A"
"30";"CIRURGIA E TRAUMATOLOGIA BUCO MAXILO FACIAIS";"3920";"INCISAO E DRENAGEM DE ABCESSO DA BOCA E ANEXOS             ";"A"
"30";"CIRURGIA E TRAUMATOLOGIA BUCO MAXILO FACIAIS";"4874";"PROTESES EXTENSA OU COMBINADAS";"A"
"30";"CIRURGIA E TRAUMATOLOGIA BUCO MAXILO FACIAIS";"4870";"PROTESE ADESIVA METALOPLASTICA POR ELEMENTO                ";"A"
"30";"CIRURGIA E TRAUMATOLOGIA BUCO MAXILO FACIAIS";"4868";"COROA DENTARIAS ISOLADAS      ";"A"
"30";"CIRURGIA E TRAUMATOLOGIA BUCO MAXILO FACIAIS";"4768";"INSCRUSTACAO METALICA FUNDIDA ";"A"
"30";"CIRURGIA E TRAUMATOLOGIA BUCO MAXILO FACIAIS";"3908";"NUCLEOS METALICOS PARA RECONSTRUCAO PARCIAL COROA DENTARIA ";"A"
"30";"CIRURGIA E TRAUMATOLOGIA BUCO MAXILO FACIAIS";"4862";"PROTESES PARCIAL TEMPORARIA   ";"A"
"30";"CIRURGIA E TRAUMATOLOGIA BUCO MAXILO FACIAIS";"3913";"COLOCACAO DE MANTENEDOR DE ESPACO                          ";"A"
"30";"CIRURGIA E TRAUMATOLOGIA BUCO MAXILO FACIAIS";"4866";"COROA DE ACO                  ";"A"
"30";"CIRURGIA E TRAUMATOLOGIA BUCO MAXILO FACIAIS";"3905";"APARELHO PARA BLOQUEIO MAXILO-MANDIBULAR                   ";"A"
"30";"CIRURGIA E TRAUMATOLOGIA BUCO MAXILO FACIAIS";"4877";"PROTESE MANDIBULAR            ";"A"
"30";"CIRURGIA E TRAUMATOLOGIA BUCO MAXILO FACIAIS";"4859";"GOTEIRAS DENTAIS              ";"A"
"30";"CIRURGIA E TRAUMATOLOGIA BUCO MAXILO FACIAIS";"4875";"PROTESES ZIGOMATICAS          ";"A"
"30";"CIRURGIA E TRAUMATOLOGIA BUCO MAXILO FACIAIS";"4872";"PROTESE NASAL                 ";"A"
"30";"CIRURGIA E TRAUMATOLOGIA BUCO MAXILO FACIAIS";"6061";"RESTAURAÇÃO DE DENTE DECIDUO";"A"
"30";"CIRURGIA E TRAUMATOLOGIA BUCO MAXILO FACIAIS";"3705";"BIOPSIA DO OSSO MAXILAR       ";"A"
"30";"CIRURGIA E TRAUMATOLOGIA BUCO MAXILO FACIAIS";"4599";"BIOPSIA DE OSSO MANDIBULAR    ";"A"
"30";"CIRURGIA E TRAUMATOLOGIA BUCO MAXILO FACIAIS";"45146";"CONSULTA DE PROFISSIONAIS DE NIVEL SUPERIOR NA ATENCAO ESPECIALIZADA (EXCETO MEDICO)";"A"
"366";"OFTALMOLOGIA";"5510";"MAPEAMENTO DA RETINA          ";"A"
"366";"OFTALMOLOGIA";"3955";"BIOMETRIA ULTRASONICA         ";"A"
"366";"OFTALMOLOGIA";"5503";"PAQUIMETRIA ULTRASSONICA      ";"A"
"366";"OFTALMOLOGIA";"5504";"RETINOGRAFIA ( COLORIDA )     ";"A"
"366";"OFTALMOLOGIA";"5624";"INJECAO SUBCONJUTIVAL         ";"A"
"366";"OFTALMOLOGIA";"4708";"EPILACAO DE CILIOS            ";"A"
"366";"OFTALMOLOGIA";"5507";"CHECK-UP ESTRABISMO COM SINOPTOFORO                        ";"A"
"366";"OFTALMOLOGIA";"5517";"MICROSCOPIA ESPECULAR DE CORNEA                            ";"A"
"366";"OFTALMOLOGIA";"5628";"INJECAO INTRA-VITREA          ";"A"
"366";"OFTALMOLOGIA";"5519";"CERATOSCOPIA COMPUTADORIZADA COM GRAFICO                   ";"A"
"366";"OFTALMOLOGIA";"5511";"CAMPIMETRIA COMPUTADORIZADA   ";"A"
"366";"OFTALMOLOGIA";"5497";"GONIOSCOPIA                   ";"A"
"366";"OFTALMOLOGIA";"5500";"TESTE DE VISAO DE CORES       ";"A"
"366";"OFTALMOLOGIA";"5505";"TESTE DE PROVOCACAO DE GLAUCOMA";"A"
"366";"OFTALMOLOGIA";"5495";"FUNDOSCOPIA                   ";"A"
"366";"OFTALMOLOGIA";"5509";"TESTE PARA ADAPTACAO DE LENTE DE CONTATO                   ";"A"
"366";"OFTALMOLOGIA";"5494";"TONOMETRIA APLANACAO          ";"A"
"366";"OFTALMOLOGIA";"3936";"OCLUSAO DE PONTO LACRIMAL     ";"A"
"366";"OFTALMOLOGIA";"5627";"SINEQUIOLISE A YAG LASER      ";"A"
"366";"OFTALMOLOGIA";"3957";"CAPSULOTOMIA A YAG LASER      ";"A"
"366";"OFTALMOLOGIA";"5625";"FOTOTRABECULOPLASTIA A LASER  ";"A"
"366";"OFTALMOLOGIA";"5626";"IRIDOTOMIA A LASER            ";"A"
"366";"OFTALMOLOGIA";"4265";"FOTOCOAGULACAO A LASER ( POR APLICACAO )                   ";"A"
"366";"OFTALMOLOGIA";"3958";"VITRIOLISE A YAG LASER        ";"A"
"366";"OFTALMOLOGIA";"4703";"CAUTERIZACAO DE CORNEA        ";"A"
"366";"OFTALMOLOGIA";"4712";"SONDAGEM DAS VIAS LACRIMAIS   ";"A"
"366";"OFTALMOLOGIA";"12891";"ACOMPANHAMENTO PACIENTE POS-TRANSPLANTE DE CORNEA BI/UNILATERAL";"A"
"366";"OFTALMOLOGIA";"5499";"TESTE DE SCHIRMER             ";"A"
"366";"OFTALMOLOGIA";"5516";"RETINOGRAFIA FLUORESCENTE     ";"A"
"366";"OFTALMOLOGIA";"4710";"INJECAO RETROBULBAR OU PERIBULBAR                          ";"A"
"366";"OFTALMOLOGIA";"4711";"RETIRADA CORPO ESTRANHO DA CORNEA                          ";"A"
"366";"OFTALMOLOGIA";"5435";"ULTRA-SONOGRAFIA DO GLOBO OCULAR OU DE ORBITA              ";"A"
"392";"OTORRINOLARINGOLOGIA";"4651";"REMOCAO DE CERUMEN DE C.A.E.  ";"A"
"392";"OTORRINOLARINGOLOGIA";"15422";"REAVAL. DIAG. DEFIC. AUDIT. PAC. MENOR DE 3  ANOS, CRIANÇAS E ADULTOS.";"A"
"392";"OTORRINOLARINGOLOGIA";"15415";"AVAL. P/ DIAG. DIFERENC. DEFIC. AUDIT. MENOR 3 ANOS";"A"
"392";"OTORRINOLARINGOLOGIA";"4133";"ADMINISTRACAO DE MEDICAMENTOS POR PACIENTE                 ";"A"
"392";"OTORRINOLARINGOLOGIA";"4200";"INFILTRACAO MEDICAMENTOSA EM CORNETO INFERIOR              ";"A"
"392";"OTORRINOLARINGOLOGIA";"4690";"BIOPSIA DE NARIZ              ";"A"
"392";"OTORRINOLARINGOLOGIA";"4695";"TAMPONAMENTO ANTERO-POSTERIOR ";"A"
"392";"OTORRINOLARINGOLOGIA";"4272";"BIOPSIA DE OROFARINGE         ";"A"
"392";"OTORRINOLARINGOLOGIA";"4212";"EXERESE DE TUMOR BENIGNO DE C.A.E.                         ";"A"
"392";"OTORRINOLARINGOLOGIA";"6077";"RETIRADA DE PONTOS DE CIRURGIAS BASICAS - POR PACIENTE     ";"A"
"392";"OTORRINOLARINGOLOGIA";"6017";"CURATIVO POR PACIENTE         ";"A"
"392";"OTORRINOLARINGOLOGIA";"4691";"DRENAGEM DE ABSCESSO FARINGEO ";"A"
"392";"OTORRINOLARINGOLOGIA";"4699";"RESSECCAO DE SINEQUIAS        ";"A"
"392";"OTORRINOLARINGOLOGIA";"5594";"EXAME DE VIDEOLARINGOSCOPIA (COM USO DE EQUIPAMENTO)       ";"A"
"392";"OTORRINOLARINGOLOGIA";"4484";"BIOPSIA DE CAVUM              ";"A"
"392";"OTORRINOLARINGOLOGIA";"4694";"RETIRADA DE CORPO ESTRANHO EM FARINGE                      ";"A"
"392";"OTORRINOLARINGOLOGIA";"15421";"REAVAL. DIAG. DEFIC. AUDIT. PAC. MAIOR DE 3  ANOS";"A"
"392";"OTORRINOLARINGOLOGIA";"15414";"AVAL. P/ DIAG. DEFIC. AUDITIVA PAC MAIOR DE 3 ANOS";"A"
"392";"OTORRINOLARINGOLOGIA";"3924";"REMOCAO DE CALCULO SALIVAR    ";"A"
"392";"OTORRINOLARINGOLOGIA";"4227";"BIOPSIA DE LINGUA OU DE GLANDULAS SALIVARES                ";"A"
"392";"OTORRINOLARINGOLOGIA";"4532";"ELETROCOAGULACAO              ";"A"
"392";"OTORRINOLARINGOLOGIA";"4271";"DRENAGEM DE FURUNCULO C.A.E.  ";"A"
"392";"OTORRINOLARINGOLOGIA";"4652";"TIMPANOTOMIA PARA TUBO DE VENTILACAO                       ";"A"
"392";"OTORRINOLARINGOLOGIA";"4201";"TAMPONAMENTO ANTERIOR (EPISTAXE)                           ";"A"
"392";"OTORRINOLARINGOLOGIA";"4539";"TRATAMENTO DA MIIASE FURUNCULOIDE                          ";"A"
"392";"OTORRINOLARINGOLOGIA";"4650";"MIRINGOTOMIA                  ";"A"
"1285";"RADIOLOGIA INTERVENCIONISTA E ANGIORADIOLOGIA";"26224";"ADMINISTRACAO DE MEDICAMENTOS POR PACIENTE";"A"
"1285";"RADIOLOGIA INTERVENCIONISTA E ANGIORADIOLOGIA";"5740";"SUB GRUPO 01 - HEMODINAMICA / CATETERISMO / ANGIOGRAFIAS   ";"A"
"1271";"HEPATOLOGIA";"26224";"ADMINISTRACAO DE MEDICAMENTOS POR PACIENTE";"A"
"1271";"HEPATOLOGIA";"9520";"PARACENTESE ABDOMINAL";"A"
"1236";"GINECOLOGIA";"4591";"EXTIRPACAO DE MAMA SUPRANUMERARIA                          ";"A"
"1236";"GINECOLOGIA";"5622";"CRIOCAUTERIZACAO/ELETROCOAGULACAO DE COLO DE UTERO         ";"A"
"1236";"GINECOLOGIA";"4226";"INCISAO E DRENAGEM DE GLANDULA DE BARTHOLINE OU SKENE      ";"A"
"1236";"GINECOLOGIA";"4224";"BIOPSIA DE VULVA              ";"A"
"1236";"GINECOLOGIA";"4580";"DILATACAO DO COLO UTERINO     ";"A"
"1236";"GINECOLOGIA";"4587";"EXERESE DE CISTO VAGINAL      ";"A"
"1236";"GINECOLOGIA";"4581";"EXTRACAO DE CORPO ESTRANHO NA VAGINA                       ";"A"
"1236";"GINECOLOGIA";"4586";"EXCISAO DE POLIPO UTERINO     ";"A"
"1236";"GINECOLOGIA";"5481";"COLPOSCOPIA                   ";"A"
"1236";"GINECOLOGIA";"5482";"EXAME FRESCO DO CONTEUDO VAGINAL/CERVICAL                  ";"A"
"1236";"GINECOLOGIA";"4577";"BIOPSIA DO COLO UTERINO";"A"
"1236";"GINECOLOGIA";"3900";"INSERÇÃO DE DIU";"A"
"1236";"GINECOLOGIA";"4309";"EXERESE DA ZONA DE TRANSFORMAÇÃO D COLO UTERINO";"A"
"1236";"GINECOLOGIA";"5484";"TESTE DE HUHMER               ";"A"
"1236";"GINECOLOGIA";"4589";"PUNÇÃO ASPIRATIVA DE MAMA POR AGULHA FINA";"A"
"1236";"GINECOLOGIA";"4535";"INCISAO DRENAGEM DE HEMATOMA  ";"A"
"1236";"GINECOLOGIA";"4479";"INCISAO E DRENAGEM DE ABCESSO DE MAMA                      ";"A"
"1236";"GINECOLOGIA";"5450";"ULTRA-SONOGRAFIA MAMÁRIA BILATERAL";"A"
"1236";"GINECOLOGIA";"6077";"RETIRADA DE PONTOS DE CIRURGIAS BASICAS - POR PACIENTE     ";"A"
"1236";"GINECOLOGIA";"3722";"BIOPSIA DE VAGINA             ";"A"
"1236";"GINECOLOGIA";"4299";"ADMINISTRACAO DE MEDICAMENTOS POR PACIENTE                 ";"A"
"1236";"GINECOLOGIA";"4578";"BIOPSIA DE TECIDO EMBRIONARIO OU FETAL                     ";"A"
"1236";"GINECOLOGIA";"6017";"CURATIVO POR PACIENTE         ";"A"
"1236";"GINECOLOGIA";"44606";"CONSULTA DE ENFERMAGEM";"A"
"1236";"GINECOLOGIA";"6717";"HISTEROSCOPIA DIAGNOSTICA";"A"
"1236";"GINECOLOGIA";"44490";"RETIRADA DO DIU";"A"
"284";"MASTOLOGIA";"4589";"PUNÇÃO ASPIRATIVA DE MAMA POR AGULHA FINA";"A"
"284";"MASTOLOGIA";"4133";"ADMINISTRACAO DE MEDICAMENTOS POR PACIENTE                 ";"A"
"284";"MASTOLOGIA";"6287";"CURATIVO CIRURGICO";"A"
"284";"MASTOLOGIA";"4242";"BIOPSIA CIRURGICA DA MAMA     ";"A"
"284";"MASTOLOGIA";"6617";"BIOPSIA DE MAMA";"A"
"284";"MASTOLOGIA";"6715";"DRENAGEM DE ABSCESSO DE MAMA";"A"
"284";"MASTOLOGIA";"4590";"ESVAZIAMENTO PERCUTANEO DE CISTO MAMARIO                   ";"A"
"284";"MASTOLOGIA";"7651";"EXERESE DE CISTO DE MAMA";"A"
"1426";"CLÍNICA MÉDICA";"4229";"DEBRIDAMENTO E CURATIVO DE ESCARA OU ULCERACAO             ";"A"
"1426";"CLÍNICA MÉDICA";"26224";"ADMINISTRACAO DE MEDICAMENTOS POR PACIENTE";"A"
"1426";"CLÍNICA MÉDICA";"26634";"VERIFICAR SINAIS VITAIS";"A"
"1426";"CLÍNICA MÉDICA";"6017";"CURATIVO POR PACIENTE         ";"A"
"1426";"CLÍNICA MÉDICA";"30809";"SOLICITAR AVALIAÇÃO DA COMISSÃO DE CURATIVOS";"A"
"64";"DERMATOLOGIA";"4229";"DEBRIDAMENTO E CURATIVO DE ESCARA OU ULCERACAO             ";"A"
"64";"DERMATOLOGIA";"5613";"HIPOSENSIBILIZACAO COM PRODUTOS AUTOGENOS - POR TRATAMENTO COMPLETO";"A"
"64";"DERMATOLOGIA";"4230";"EXCISAO E SUTURA DE HEMANGIOMA";"A"
"64";"DERMATOLOGIA";"4537";"INCISAO E DRENAGEN DE FLEIMAO ";"A"
"64";"DERMATOLOGIA";"29405";"EPILAÇÃO A LASER";"A"
"64";"DERMATOLOGIA";"4205";"ELETROCOAGULACAO LESOES CUTANEAS DO PENIS                  ";"A"
"64";"DERMATOLOGIA";"4133";"ADMINISTRACAO DE MEDICAMENTOS POR PACIENTE                 ";"A"
"64";"DERMATOLOGIA";"4531";"BIOPSIA DE PALPEBRAS          ";"A"
"64";"DERMATOLOGIA";"4478";"EXERESE DE CALO               ";"A"
"64";"DERMATOLOGIA";"4218";"EXERESE DE TUMOR DE PELE      ";"A"
"64";"DERMATOLOGIA";"4709";"EXERESE DE CALAZIO            ";"A"
"64";"DERMATOLOGIA";"4708";"EPILACAO DE CILIOS            ";"A"
"64";"DERMATOLOGIA";"5468";"TESTES DE CONTATO (ATE 15 SUBSTANCIAS)                     ";"A"
"64";"DERMATOLOGIA";"4241";"DEBRIDAMENTO CIRURGICO DE ULCERA OU NECROSE                ";"A"
"64";"DERMATOLOGIA";"3921";"SUTURA DE FERIDA DA MUCOSA BUCAL E FACE                    ";"A"
"64";"DERMATOLOGIA";"3918";"EXCISAO E SUTURA DE TEGUMENTO NA FACE                      ";"A"
"64";"DERMATOLOGIA";"3978";"HIPOSENSIBILIZACAO INESPECIFICA (POR TRATAMENTO COMPLETO)  ";"A"
"64";"DERMATOLOGIA";"4335";"RETIRADA DE CORPO ESTRANHO SUBCUTANEO                      ";"A"
"64";"DERMATOLOGIA";"4533";"EXERESE DE CISTO SEBACEO      ";"A"
"64";"DERMATOLOGIA";"4542";"EXCISAO E SUTURA DE LINFANGIOMA OU NEVUS";"A"
"64";"DERMATOLOGIA";"3720";"RETIRADA DE LESAO POR SHAVING ";"A"
"64";"DERMATOLOGIA";"4307";"INCISAO E SUTURA DE LEITO UNGUEAL                          ";"A"
"64";"DERMATOLOGIA";"4536";"INCISAO E DRENAGEM DE CELULITE";"A"
"64";"DERMATOLOGIA";"3916";"EXCISAO DE SUTURA DE LESAO NA BOCA                         ";"A"
"64";"DERMATOLOGIA";"3917";"BIOPSIA DE LABIO              ";"A"
"64";"DERMATOLOGIA";"5620";"CALOSIDADE E/OU MAL PERFURANTE (DESBASTAMENTO)             ";"A"
"64";"DERMATOLOGIA";"5615";"HIPERSENSIBILZACAO ESPECIFICA - POR TRATAMENTO COMPLETO    ";"A"
"64";"DERMATOLOGIA";"4225";"EXTIRPACAO DE LESAO DE VULVA/PERINEO (ELETROCOAGULACAO OU FULGURACAO)";"A"
"64";"DERMATOLOGIA";"4532";"ELETROCOAGULACAO              ";"A"
"64";"DERMATOLOGIA";"4238";"EXCISAO DE SUTURA DE TUMORES DA ORELHA                     ";"A"
"64";"DERMATOLOGIA";"4539";"TRATAMENTO DA MIIASE FURUNCULOIDE                          ";"A"
"64";"DERMATOLOGIA";"6067";"EXCISAO E SUTURA SIMPLES PEQUENAS LESOES DE PELE/MUCOSA    ";"A"
"64";"DERMATOLOGIA";"4216";"FULGURACAO/CAUTERIZACAO QUIMICA DE LESOES CUTANEAS         ";"A"
"64";"DERMATOLOGIA";"4689";"BIOPSIA DE PIRAMIDE NASAL     ";"A"
"64";"DERMATOLOGIA";"4534";"EXERESE DE LIPOMA             ";"A"
"64";"DERMATOLOGIA";"5619";"CRIOTERAPIA (POR SESSAO)      ";"A"
"64";"DERMATOLOGIA";"4535";"INCISAO DRENAGEM DE HEMATOMA  ";"A"
"64";"DERMATOLOGIA";"4214";"BIOPSIA/PUNCAO DE TUMORES SUPERFICIAIS DE PELE             ";"A"
"64";"DERMATOLOGIA";"45146";"CONSULTA DE PROFISSIONAIS DE NIVEL SUPERIOR NA ATENCAO ESPECIALIZADA (EXCETO MEDICO)";"A"
"33";"CIRURGIA GERAL";"6077";"RETIRADA DE PONTOS DE CIRURGIAS BASICAS - POR PACIENTE     ";"A"
"33";"CIRURGIA GERAL";"4535";"INCISAO DRENAGEM DE HEMATOMA  ";"A"
"33";"CIRURGIA GERAL";"4229";"DEBRIDAMENTO E CURATIVO DE ESCARA OU ULCERACAO             ";"A"
"33";"CIRURGIA GERAL";"4133";"ADMINISTRACAO DE MEDICAMENTOS POR PACIENTE                 ";"A"
"33";"CIRURGIA GERAL";"6017";"CURATIVO POR PACIENTE         ";"A"
"33";"CIRURGIA GERAL";"13299";"MULTISTIX";"A"
"33";"CIRURGIA GERAL";"4541";"CURATIVO COM DEBRIDAMENTO EM PE DIABETICO                  ";"A"
"33";"CIRURGIA GERAL";"6067";"EXCISAO E SUTURA SIMPLES PEQUENAS LESOES DE PELE/MUCOSA    ";"A"
"33";"CIRURGIA GERAL";"45146";"CONSULTA DE PROFISSIONAIS DE NIVEL SUPERIOR NA ATENCAO ESPECIALIZADA (EXCETO MEDICO)";"A"
"33";"CIRURGIA GERAL";"6043";"CONSULTA EM CIRURGIA GERAL    ";"A"
"468";"COLOPROCTOLOGIA";"4221";"DILATACAO DIGITAL OU INSTRUMENTAL DO ANUS E/OU RETO        ";"A"
"468";"COLOPROCTOLOGIA";"4535";"INCISAO DRENAGEM DE HEMATOMA  ";"A"
"468";"COLOPROCTOLOGIA";"4220";"RETIRADA DE CORPO ESTRANHO DO RETO                         ";"A"
"468";"COLOPROCTOLOGIA";"4222";"TRATAMENTO ESCLEROSANTE DE HEMORROIDAS (SESSAO)            ";"A"
"468";"COLOPROCTOLOGIA";"4550";"LIGADURA ELASTICA DE HEMORROIDAS (SESSAO)                  ";"A"
"468";"COLOPROCTOLOGIA";"4549";"DRENAGEM DE ABCESSO ISQUIO-RETAL                           ";"A"
"468";"COLOPROCTOLOGIA";"4216";"FULGURACAO/CAUTERIZACAO QUIMICA DE LESOES CUTANEAS         ";"A"
"468";"COLOPROCTOLOGIA";"4223";"ELETROCAUTERIZACAO DE LESAO ANAL TRANSPARIETAL             ";"A"
"468";"COLOPROCTOLOGIA";"4548";"DRENAGEM DE ABCESSO ANU-RETAL ";"A"
"468";"COLOPROCTOLOGIA";"4546";"BIOPSIA ANU-RETAL             ";"A"
"450";"PNEUMOLOGIA";"4510";"CONSULTA EM PNEUMOLOGIA       ";"A"
"450";"PNEUMOLOGIA";"4655";"PUNCAO TRAQUEAL COM ASPIRACAO ";"A"
"450";"PNEUMOLOGIA";"4133";"ADMINISTRACAO DE MEDICAMENTOS POR PACIENTE                 ";"A"
"450";"PNEUMOLOGIA";"4482";"TORACOCENTESE                 ";"A"
"450";"PNEUMOLOGIA";"5467";"TESTES CUTANEOS DE LEITURA IMEDIATA                        ";"A"
"450";"PNEUMOLOGIA";"4203";"DRENAGEM PLEURAL              ";"A"
"450";"PNEUMOLOGIA";"4654";"BIOPSIA DE PLEURA COM AGULHA  ";"A"
"450";"PNEUMOLOGIA";"28265";"SEDACAO";"A"
"450";"PNEUMOLOGIA";"3986";"PROVA DE FUNCAO PULMONAR COMPLETA                          ";"A"
"450";"PNEUMOLOGIA";"6781";"BRONCOSCOPIA";"A"
"450";"PNEUMOLOGIA";"44606";"CONSULTA DE ENFERMAGEM";"A"
"450";"PNEUMOLOGIA";"5578";"COLETA DE LAVADO BRONQUICO    ";"A"
"450";"PNEUMOLOGIA";"4306";"COLETA DE MATERIAL PARA EXAMES CITOPATOLOGICOS             ";"A"
"312";"NEUROLOGIA";"4641";"NEURECTOMIA DIFERENCIADA DE NERVOS PERIFERICOS             ";"A"
"312";"NEUROLOGIA";"5658";"PULSOTERAPIA I - POR APLICACAO";"A"
"312";"NEUROLOGIA";"13299";"MULTISTIX";"A"
"312";"NEUROLOGIA";"5659";"PULSOTERAPIA II - POR APLICACAO                            ";"A"
"312";"NEUROLOGIA";"4133";"ADMINISTRACAO DE MEDICAMENTOS POR PACIENTE                 ";"A"
"477";"PSIQUIATRIA";"3717";"CONSULTA EM PSIQUIATRIA       ";"A"
"477";"PSIQUIATRIA";"4336";"CONSULTA ATENDIMENTO EM ASSISTENCIA ESPECIALIZADA E DE ALTA COMPLEXIDADE";"A"
"502";"REUMATOLOGIA";"4595";"PUNCOES DIAGNOSTICAS OU DE ESVAZIAMENTO                    ";"A"
"502";"REUMATOLOGIA";"4133";"ADMINISTRACAO DE MEDICAMENTOS POR PACIENTE                 ";"A"
"502";"REUMATOLOGIA";"4228";"INJECOES INTRA-ARTICULARES    ";"A"
"1468";"ENFERMAGEM ASSISTENCIAL";"6017";"CURATIVO POR PACIENTE         ";"A"
"1468";"ENFERMAGEM ASSISTENCIAL";"44606";"CONSULTA DE ENFERMAGEM";"A"
"1468";"ENFERMAGEM ASSISTENCIAL";"26634";"VERIFICAR SINAIS VITAIS";"A"
"1468";"ENFERMAGEM ASSISTENCIAL";"16825";"VERIFICAR ALTURA E PESO DO PACIENTE";"A"
"1468";"ENFERMAGEM ASSISTENCIAL";"26223";"TESTE ESPECIFICO PARA DIABETES MELLITUS- GLICEMIA CAPILAR";"A"
"1468";"ENFERMAGEM ASSISTENCIAL";"16586";"ASPIRAR SECREÇÕES";"A"
"1468";"ENFERMAGEM ASSISTENCIAL";"26224";"ADMINISTRACAO DE MEDICAMENTOS POR PACIENTE";"A"
"1468";"ENFERMAGEM ASSISTENCIAL";"16520";"CURATIVO EM FERIDA OPERATÓRIA";"A"
"1468";"ENFERMAGEM ASSISTENCIAL";"14368";"TESTE RAPIDO PARA TRIAGEM DE INFECCAO PELO HIV";"A"
"1468";"ENFERMAGEM ASSISTENCIAL";"16902";"MEDIR DIURESE";"A"
"1468";"ENFERMAGEM ASSISTENCIAL";"45146";"CONSULTA DE PROFISSIONAIS DE NIVEL SUPERIOR NA ATENCAO ESPECIALIZADA (EXCETO MEDICO)";"A"
"217";"GENÉTICA MÉDICA";"4133";"ADMINISTRACAO DE MEDICAMENTOS POR PACIENTE                 ";"A"
"217";"GENÉTICA MÉDICA";"13299";"MULTISTIX";"A"
"300";"NEFROLOGIA";"4453";"PESQUISA DE ELEMENTOS ANORMAIS/SEDIMENTO NA URINA          ";"A"
"300";"NEFROLOGIA";"4686";"PUNCAO OU ASPIRACAO VESICAL   ";"A"
"300";"NEFROLOGIA";"29423";"ACOMPANHAMENTO DE DOADOR VIVO POS DOAÇÃO DE RIM";"A"
"300";"NEFROLOGIA";"4133";"ADMINISTRACAO DE MEDICAMENTOS POR PACIENTE                 ";"A"
"300";"NEFROLOGIA";"4268";"CATETERISMO VESICAL EVACUADOR ";"A"
"300";"NEFROLOGIA";"6505";"BIOPSIA RENAL A CEU ABERTO";"A"
"300";"NEFROLOGIA";"7833";"BIOPSIA RENAL POR PUNCAO";"A"
"300";"NEFROLOGIA";"16647";"IMPLEMENTAR CUIDADOS PÓS- BIÓPSIA RENAL";"A"
"300";"NEFROLOGIA";"6625";"MANIPULACAO PERCUTANEA DE CALCULO RENAL";"A"
"300";"NEFROLOGIA";"28223";"TRATAMENTO DE CALCULOSE RENAL";"A"
"300";"NEFROLOGIA";"28226";"TRATAMENTO DE INSUFIENCIA RENAL CRONICA";"A"
"300";"NEFROLOGIA";"5817";"ESTUDO RENAL DINAMICO COM OU SEM DIURETICO                 ";"A"
"300";"NEFROLOGIA";"28225";"TRATAMENTO DE INSUFICIENCIA RENAL AGUDA";"A"
"300";"NEFROLOGIA";"6579";"DRENAGEM DE ABSCESSO RENAL OU PERIRRENAL";"A"
"300";"NEFROLOGIA";"6629";"EXERESE PERCUTANEA DE LESAO RENAL";"A"
"300";"NEFROLOGIA";"28221";"TRATAMENTO DE INTERCORRENCIA EM PACIENTE RENAL CRONICO";"A"
"556";"UROLOGIA";"4202";"INCISAO E DRENAGEM DE FLEIMAO URINOSO                      ";"A"
"556";"UROLOGIA";"4683";"EXERESE DE CISTO DE BOLSA ESCROTAL                         ";"A"
"556";"UROLOGIA";"4682";"DRENAGEM DE ABCESSO DE EPIDIDIMO                           ";"A"
"556";"UROLOGIA";"5641";"CAUTERIZACAO QUIMICA VESICAL  ";"A"
"556";"UROLOGIA";"4679";"BIOPSIA DE BOLSA ESCROTAL     ";"A"
"556";"UROLOGIA";"5463";"ULTRA-SONOGRAFIA PROSTATA (VIA TRANSRETAL)                 ";"A"
"556";"UROLOGIA";"6077";"RETIRADA DE PONTOS DE CIRURGIAS BASICAS - POR PACIENTE     ";"A"
"556";"UROLOGIA";"4686";"PUNCAO OU ASPIRACAO VESICAL   ";"A"
"556";"UROLOGIA";"4483";"INCISAO DO PREFUCIO           ";"A"
"556";"UROLOGIA";"4205";"ELETROCOAGULACAO LESOES CUTANEAS DO PENIS                  ";"A"
"556";"UROLOGIA";"4681";"DRENAGEM DE ABCESSO DE BOLSA ESCROTAL                      ";"A"
"556";"UROLOGIA";"4204";"BIOPSIA DO PENIS              ";"A"
"556";"UROLOGIA";"4133";"ADMINISTRACAO DE MEDICAMENTOS POR PACIENTE                 ";"A"
"556";"UROLOGIA";"4268";"CATETERISMO VESICAL EVACUADOR ";"A"
"556";"UROLOGIA";"6017";"CURATIVO POR PACIENTE         ";"A"
"556";"UROLOGIA";"4684";"INCISAO E DRENAGEM DE ABCESSO PERI-URETRAL                 ";"A"
"556";"UROLOGIA";"5586";"URODINAMICA COMPLETA          ";"A"
"556";"UROLOGIA";"28265";"SEDACAO";"A"
"556";"UROLOGIA";"6804";"CISTOSCOPIA";"A"
"556";"UROLOGIA";"9517";"CISTOSCOPIA COM BIOPSIA DE BEXIGA";"A"
"556";"UROLOGIA";"44606";"CONSULTA DE ENFERMAGEM";"A"
"1436";"OBSTETRÍCIA - PA";"4306";"COLETA DE MATERIAL PARA EXAMES CITOPATOLOGICOS             ";"A"
"1436";"OBSTETRÍCIA - PA";"26634";"VERIFICAR SINAIS VITAIS";"A"
"1436";"OBSTETRÍCIA - PA";"26224";"ADMINISTRACAO DE MEDICAMENTOS POR PACIENTE";"A"
"1436";"OBSTETRÍCIA - PA";"26224";"ADMINISTRACAO DE MEDICAMENTOS POR PACIENTE";"A"
"1436";"OBSTETRÍCIA - PA";"26634";"VERIFICAR SINAIS VITAIS";"A"
"1436";"OBSTETRÍCIA - PA";"16799";"AVALIAR DINÂMICA UTERINA";"A"
"1436";"OBSTETRÍCIA - PA";"27743";"MONITORAR FREQUÊNCIA E INTENSIDADE DAS CONTRAÇÕES UTERINAS";"A"
"1436";"OBSTETRÍCIA - PA";"28927";"PARTO";"A"
"1436";"OBSTETRÍCIA - PA";"44606";"CONSULTA DE ENFERMAGEM";"A"
"1432";"ODONTOLOGIA";"7878";"EXTRACAO DENTARIA";"A"
"1432";"ODONTOLOGIA";"6271";"RESTAURACAO DENTARIA";"A"
"1432";"ODONTOLOGIA";"45146";"CONSULTA DE PROFISSIONAIS DE NIVEL SUPERIOR NA ATENCAO ESPECIALIZADA (EXCETO MEDICO)";"A"
"1432";"ODONTOLOGIA";"26224";"ADMINISTRACAO DE MEDICAMENTOS POR PACIENTE";"A"
"206";"GASTROENTEROLOGIA";"6040";"CONSULTA EM GASTROENTEROLOGIA ";"A"
"206";"GASTROENTEROLOGIA";"4133";"ADMINISTRACAO DE MEDICAMENTOS POR PACIENTE                 ";"A"
"206";"GASTROENTEROLOGIA";"4551";"PARACENTESE ABDOMINAL         ";"A"
"206";"GASTROENTEROLOGIA";"6918";"LIGADURA DE VEIAS ESOFAGIANAS";"A"
"206";"GASTROENTEROLOGIA";"6810";"POLIPECTOMIA";"A"
"206";"GASTROENTEROLOGIA";"6893";"DILATACAO DE ESOFAGO";"A"
"206";"GASTROENTEROLOGIA";"15836";"ENDOSCOPIA DIGESTIVA ALTA";"A"
"206";"GASTROENTEROLOGIA";"44976";"COLONOSCOPIA";"A"
"206";"GASTROENTEROLOGIA";"5207";"HELICOBACTER PYLORI, PESQUISA DIRETA                       ";"A"
"206";"GASTROENTEROLOGIA";"15837";"ECOENDOSCOPIA DIGESTIVA ALTA";"A"
"206";"GASTROENTEROLOGIA";"28265";"SEDACAO";"A"
"206";"GASTROENTEROLOGIA";"6272";"PASSAGEM DE SONDA NASOENTERAL";"A"
"206";"GASTROENTEROLOGIA";"6805";"RETOSSIGMOIDOSCOPIA";"A"
"206";"GASTROENTEROLOGIA";"44606";"CONSULTA DE ENFERMAGEM";"A"
"206";"GASTROENTEROLOGIA";"7582";"BIOPSIA DE LESAO ANAL";"A"
"206";"GASTROENTEROLOGIA";"4546";"BIOPSIA ANU-RETAL             ";"A"
"206";"GASTROENTEROLOGIA";"45042";"BIOPSIA DE PELE E PARTES MOLES";"A"
"206";"GASTROENTEROLOGIA";"6169";"TROCA DE SONDA (GASTROSTOMIA)";"A"
"206";"GASTROENTEROLOGIA";"7068";"GASTROSTOMIA";"A"
"1322";"ENFERMAGEM EM ESTOMATOLOGIA";"44606";"CONSULTA DE ENFERMAGEM";"A"
"1322";"ENFERMAGEM EM ESTOMATOLOGIA";"45146";"CONSULTA DE PROFISSIONAIS DE NIVEL SUPERIOR NA ATENCAO ESPECIALIZADA (EXCETO MEDICO)";"A"
"1421";"FONOAUDIOLOGIA";"15416";"TERAPIA FONOAUDIOLOGICA INDIVIDUAL";"A"
"1421";"FONOAUDIOLOGIA";"5544";"AUDIOMETRIA CORTICAL (ERA)    ";"A"
"1421";"FONOAUDIOLOGIA";"5537";"AUDIOMETRIA DE OBSERVACAO DO COMPORTAMENTO INFANTIL INCONDICIONADA (RECEM NATO - 3 ANOS)";"A"
"1421";"FONOAUDIOLOGIA";"4001";"AUDIOMETRIA DE REFORÇO VISUAL - VRA (VIA AÉREA E VIA ÓSSEA)";"A"
"1421";"FONOAUDIOLOGIA";"5539";"AUDIOMETRIA EM CAMPO LIVRE";"A"
"1421";"FONOAUDIOLOGIA";"5549";"AUDIOMETRIA TIPO VAN BEKELY   ";"A"
"1421";"FONOAUDIOLOGIA";"15716";"AUDIOMETRIA TONAL LIMIAR";"A"
"1421";"FONOAUDIOLOGIA";"15717";"AUDIOMETRIA TONAL LIMIAR INFANTIL CONDIONADA - PEEP SHOW (AC";"A"
"1421";"FONOAUDIOLOGIA";"5536";"AUDIOMETRIA TONAL LIMIAR (VIA AÉREA E VIA ÓSSEA)";"A"
"1421";"FONOAUDIOLOGIA";"5550";"AUDIOMETRIA VOCAL COM MENSAGEM COMPETITIVA (SSI,SSW)       ";"A"
"1421";"FONOAUDIOLOGIA";"4000";"AUDIOMETRIA VOCAL PESQUISA DE LIMIAR DE INTELIGIBILIDADE(SRT)";"A"
"1421";"FONOAUDIOLOGIA";"5521";"LOGOAUDIOMETRIA (LDV, IRF, LRF)";"A"
"1421";"FONOAUDIOLOGIA";"20344";"SISTEMA DE RETORNO PARA LOGOAUDIOMETRIA MODELO RL-7";"A"
"1421";"FONOAUDIOLOGIA";"45146";"CONSULTA DE PROFISSIONAIS DE NIVEL SUPERIOR NA ATENCAO ESPECIALIZADA (EXCETO MEDICO)";"A"
"1421";"FONOAUDIOLOGIA";"44614";"AVALIACAO DE LINGUAGEM ORAL";"A"
"1421";"FONOAUDIOLOGIA";"44616";"AVALIACAO MIOFUNCIONAL DE SISTEMA ESTOMATOGNATICO";"A"
"1421";"FONOAUDIOLOGIA";"44617";"TERAPIA INDIVIDUAL";"A"
"1421";"FONOAUDIOLOGIA";"30380";"TERAPIA INDIVIDUAL";"A"
"1343";"NUTRIÇÃO CLÍNICA";"26315";"MONITORAR ESTADO NUTRICIONAL DO PACIENTE";"A"
"1343";"NUTRIÇÃO CLÍNICA";"29238";"MONITORAR INGESTA NUTRICIONAL PARA GARANTIR RECURSOS ENERGÉTICOS ADEQUADOS";"A"
"1343";"NUTRIÇÃO CLÍNICA";"16992";"IMPLEMENTAR CUIDADOS COM NUTRIÇÃO PARENTERAL TOTAL (NPT)";"A"
"1343";"NUTRIÇÃO CLÍNICA";"29244";"AUXILIAR PACIENTE A RECEBER AJUDA DE PROGRAMAS NUTRICIONAIS ADEQUADOS DA COMUNIDADE";"A"
"1343";"NUTRIÇÃO CLÍNICA";"28953";"ENCAMINHAR PACIENTE PARA PROGRAMAS NUTRICIONAIS DA COMUNIDADE";"A"
"1343";"NUTRIÇÃO CLÍNICA";"45146";"CONSULTA DE PROFISSIONAIS DE NIVEL SUPERIOR NA ATENCAO ESPECIALIZADA (EXCETO MEDICO)";"A"
"1364";"SERVIÇO SOCIAL";"45146";"CONSULTA DE PROFISSIONAIS DE NIVEL SUPERIOR NA ATENCAO ESPECIALIZADA (EXCETO MEDICO)";"A"
"1420";"TERAPIA OCUPACIONAL";"45146";"CONSULTA DE PROFISSIONAIS DE NIVEL SUPERIOR NA ATENCAO ESPECIALIZADA (EXCETO MEDICO)";"A"
"791";"GINECOLOGIA E OBSTETRÍCIA";"3722";"BIOPSIA DE VAGINA             ";"A"
"791";"GINECOLOGIA E OBSTETRÍCIA";"4226";"INCISAO E DRENAGEM DE GLANDULA DE BARTHOLINE OU SKENE      ";"A"
"791";"GINECOLOGIA E OBSTETRÍCIA";"4535";"INCISAO DRENAGEM DE HEMATOMA  ";"A"
"791";"GINECOLOGIA E OBSTETRÍCIA";"4581";"EXTRACAO DE CORPO ESTRANHO NA VAGINA                       ";"A"
"791";"GINECOLOGIA E OBSTETRÍCIA";"4591";"EXTIRPACAO DE MAMA SUPRANUMERARIA                          ";"A"
"791";"GINECOLOGIA E OBSTETRÍCIA";"5622";"CRIOCAUTERIZACAO/ELETROCOAGULACAO DE COLO DE UTERO         ";"A"
"791";"GINECOLOGIA E OBSTETRÍCIA";"5484";"TESTE DE HUHMER               ";"A"
"791";"GINECOLOGIA E OBSTETRÍCIA";"5481";"COLPOSCOPIA                   ";"A"
"791";"GINECOLOGIA E OBSTETRÍCIA";"4589";"PUNÇÃO ASPIRATIVA DE MAMA POR AGULHA FINA";"A"
"791";"GINECOLOGIA E OBSTETRÍCIA";"4586";"EXCISAO DE POLIPO UTERINO     ";"A"
"791";"GINECOLOGIA E OBSTETRÍCIA";"4580";"DILATACAO DO COLO UTERINO     ";"A"
"791";"GINECOLOGIA E OBSTETRÍCIA";"4577";"BIOPSIA DO COLO UTERINO";"A"
"791";"GINECOLOGIA E OBSTETRÍCIA";"4479";"INCISAO E DRENAGEM DE ABCESSO DE MAMA                      ";"A"
"791";"GINECOLOGIA E OBSTETRÍCIA";"4299";"ADMINISTRACAO DE MEDICAMENTOS POR PACIENTE                 ";"A"
"791";"GINECOLOGIA E OBSTETRÍCIA";"4224";"BIOPSIA DE VULVA              ";"A"
"791";"GINECOLOGIA E OBSTETRÍCIA";"3900";"INSERÇÃO DE DIU";"A"
"791";"GINECOLOGIA E OBSTETRÍCIA";"5482";"EXAME FRESCO DO CONTEUDO VAGINAL/CERVICAL                  ";"A"
"791";"GINECOLOGIA E OBSTETRÍCIA";"4587";"EXERESE DE CISTO VAGINAL      ";"A"
"791";"GINECOLOGIA E OBSTETRÍCIA";"4578";"BIOPSIA DE TECIDO EMBRIONARIO OU FETAL                     ";"A"
"791";"GINECOLOGIA E OBSTETRÍCIA";"4309";"EXERESE DA ZONA DE TRANSFORMAÇÃO D COLO UTERINO";"A"
"791";"GINECOLOGIA E OBSTETRÍCIA";"4306";"COLETA DE MATERIAL PARA EXAMES CITOPATOLOGICOS             ";"A"
"791";"GINECOLOGIA E OBSTETRÍCIA";"28927";"PARTO";"A"
"271";"CLÍNICA MÉDICA";"4299";"ADMINISTRACAO DE MEDICAMENTOS POR PACIENTE                 ";"A"
"271";"CLÍNICA MÉDICA";"4304";"TESTE ESPECIFICO P/ DIABETES MELITUS - GLICOSURIA";"A"
"271";"CLÍNICA MÉDICA";"4303";"TESTE ESPECIFICO PARA DIABETES MELLITUS- GLICEMIA CAPILAR";"A"
"271";"CLÍNICA MÉDICA";"4305";"TESTE ESPECIFICO PARA DIABETES MELLITUS- CETONURIA";"A"
"271";"CLÍNICA MÉDICA";"6067";"EXCISAO E SUTURA SIMPLES PEQUENAS LESOES DE PELE/MUCOSA    ";"A"
"271";"CLÍNICA MÉDICA";"6077";"RETIRADA DE PONTOS DE CIRURGIAS BASICAS - POR PACIENTE     ";"A"
"35";"CIRURGIA PLÁSTICA";"4229";"DEBRIDAMENTO E CURATIVO DE ESCARA OU ULCERACAO             ";"A"
"35";"CIRURGIA PLÁSTICA";"6077";"RETIRADA DE PONTOS DE CIRURGIAS BASICAS - POR PACIENTE     ";"A"
"35";"CIRURGIA PLÁSTICA";"6067";"EXCISAO E SUTURA SIMPLES PEQUENAS LESOES DE PELE/MUCOSA    ";"A"
"35";"CIRURGIA PLÁSTICA";"6017";"CURATIVO POR PACIENTE         ";"A"
"35";"CIRURGIA PLÁSTICA";"4133";"ADMINISTRACAO DE MEDICAMENTOS POR PACIENTE                 ";"A"
"35";"CIRURGIA PLÁSTICA";"4218";"EXERESE DE TUMOR DE PELE      ";"A"
"35";"CIRURGIA PLÁSTICA";"4216";"FULGURACAO/CAUTERIZACAO QUIMICA DE LESOES CUTANEAS         ";"A"
"35";"CIRURGIA PLÁSTICA";"4535";"INCISAO DRENAGEM DE HEMATOMA  ";"A"
"37";"CIRURGIA VASCULAR";"13299";"MULTISTIX";"A"
"37";"CIRURGIA VASCULAR";"4133";"ADMINISTRACAO DE MEDICAMENTOS POR PACIENTE                 ";"A"
"37";"CIRURGIA VASCULAR";"4229";"DEBRIDAMENTO E CURATIVO DE ESCARA OU ULCERACAO             ";"A"
"37";"CIRURGIA VASCULAR";"4241";"DEBRIDAMENTO CIRURGICO DE ULCERA OU NECROSE                ";"A"
"37";"CIRURGIA VASCULAR";"4633";"DISSECCAO DE VEIA OU ARTERIA  ";"A"
"37";"CIRURGIA VASCULAR";"6287";"CURATIVO CIRURGICO";"A"
"37";"CIRURGIA VASCULAR";"4541";"CURATIVO COM DEBRIDAMENTO EM PE DIABETICO                  ";"A"
"37";"CIRURGIA VASCULAR";"26224";"ADMINISTRACAO DE MEDICAMENTOS POR PACIENTE";"A"
"37";"CIRURGIA VASCULAR";"6017";"CURATIVO POR PACIENTE         ";"A"
"37";"CIRURGIA VASCULAR";"26634";"VERIFICAR SINAIS VITAIS";"A"
"37";"CIRURGIA VASCULAR";"45146";"CONSULTA DE PROFISSIONAIS DE NIVEL SUPERIOR NA ATENCAO ESPECIALIZADA (EXCETO MEDICO)";"A"
"256";"HEMATOLOGIA E HEMOTERAPIA";"6077";"RETIRADA DE PONTOS DE CIRURGIAS BASICAS - POR PACIENTE     ";"A"
"256";"HEMATOLOGIA E HEMOTERAPIA";"13299";"MULTISTIX";"A"
"256";"HEMATOLOGIA E HEMOTERAPIA";"6017";"CURATIVO POR PACIENTE         ";"A"
"256";"HEMATOLOGIA E HEMOTERAPIA";"4133";"ADMINISTRACAO DE MEDICAMENTOS POR PACIENTE                 ";"A"
"161";"ENFERMAGEM PSIQUIATRICA E SAÚDE MENTAL";"4299";"ADMINISTRACAO DE MEDICAMENTOS POR PACIENTE                 ";"A"
"376";"CANCEROLOGIA PEDIÁTRICA";"6017";"CURATIVO POR PACIENTE         ";"A"
"376";"CANCEROLOGIA PEDIÁTRICA";"6077";"RETIRADA DE PONTOS DE CIRURGIAS BASICAS - POR PACIENTE     ";"A"
"546";"URGENCIA CIRURGICA";"13299";"MULTISTIX";"A"
"546";"URGENCIA CIRURGICA";"4241";"DEBRIDAMENTO CIRURGICO DE ULCERA OU NECROSE                ";"A"
"546";"URGENCIA CIRURGICA";"16523";"HGT";"A"
"546";"URGENCIA CIRURGICA";"4541";"CURATIVO COM DEBRIDAMENTO EM PE DIABETICO                  ";"A"
"546";"URGENCIA CIRURGICA";"4229";"DEBRIDAMENTO E CURATIVO DE ESCARA OU ULCERACAO             ";"A"
"546";"URGENCIA CIRURGICA";"4133";"ADMINISTRACAO DE MEDICAMENTOS POR PACIENTE                 ";"A"
"546";"URGENCIA CIRURGICA";"4553";"REMOCAO MANUAL DE FECALOMA    ";"A"
"546";"URGENCIA CIRURGICA";"16521";"SONDAGEM VESICAL DE ALÍVIO";"A"
"546";"URGENCIA CIRURGICA";"6049";"ATENDIMENTO CLINICO COM OBSERVACAO ATE 24 HORAS            ";"A"
"546";"URGENCIA CIRURGICA";"4686";"PUNCAO OU ASPIRACAO VESICAL   ";"A"
"754";"RADIOTERAPIA";"6077";"RETIRADA DE PONTOS DE CIRURGIAS BASICAS - POR PACIENTE     ";"A"
"754";"RADIOTERAPIA";"13164";"ACELERADOR LINEAR DE FÓTONS E ELÉTRONS (POR CAMPO)";"A"
"754";"RADIOTERAPIA";"13167";"BLOCO DE COLIMAÇÃO PERSONALIZADA (POR BLOCO) - MAX 2 BLOCOS POR TRATAMENTO";"A"
"754";"RADIOTERAPIA";"13172";"IRRADIAÇÃO DE MEIO CORPO MAX 5 POR TRATAMENTO";"A"
"754";"RADIOTERAPIA";"13176";"NARCOSE DE CRIANÇA (POR PROCEDIMENTO)";"A"
"754";"RADIOTERAPIA";"13175";"MASCARA OU IMOBILIZAÇÃO PERSONALIZADA (POR TRATAMENTO)";"A"
"754";"RADIOTERAPIA";"13174";"IRRADIAÇÃO DE CORPO INTEIRO PRÉ-TMO MAX 8 POR TRATAMENTO";"A"
"754";"RADIOTERAPIA";"6017";"CURATIVO POR PACIENTE         ";"A"
"754";"RADIOTERAPIA";"13169";"CHECK-FILM (POR MÊS)";"A"
"754";"RADIOTERAPIA";"13179";"PLANEJAMENTO SIMPLES (POR TRATAMENTO)";"A"
"1478";"NPA - NEONATOLOGIA - PA";"30705";"ASPIRAR SECREÇÃO RESPIRATÓRIA";"A"
"1478";"NPA - NEONATOLOGIA - PA";"26224";"ADMINISTRACAO DE MEDICAMENTOS POR PACIENTE";"A"
"1478";"NPA - NEONATOLOGIA - PA";"26224";"ADMINISTRACAO DE MEDICAMENTOS POR PACIENTE";"A"
"1478";"NPA - NEONATOLOGIA - PA";"26634";"VERIFICAR SINAIS VITAIS";"A"
"1474";"OFTALMOLOGIA URGENCIA";"29389";"TRAT CLINICO DE INTERC OFTALMOLOGICAS DE ORIGEM INFECCIOSA";"A"
"1474";"OFTALMOLOGIA URGENCIA";"26634";"VERIFICAR SINAIS VITAIS";"A"
"1474";"OFTALMOLOGIA URGENCIA";"28891";"TRATAMENTO CLINOCO DE INTERCORRENCIAS OFTALMOLOGICAS";"A"
"1474";"OFTALMOLOGIA URGENCIA";"26224";"ADMINISTRACAO DE MEDICAMENTOS POR PACIENTE";"A"
"505";"ANESTESIOLOGIA";"6296";"ANESTESIA GERAL ATOS CIRURG. EM DEF. FIS./MENTAL E CRIANCAS";"A"
"505";"ANESTESIOLOGIA";"12379";"ANALGESIA OBSTETRICIA REALIZADA POR ANESTESIA";"A"
"505";"ANESTESIOLOGIA";"6297";"ANESTESIA GERAL EM TRAT. ODONT./CIR. ODONT./TRAUMATO BMF";"A"
"505";"ANESTESIOLOGIA";"12688";"ANESTESIA OBSTETRICA REALIZADA POR ANESTESISTA II";"A"
"505";"ANESTESIOLOGIA";"28781";"ANESTESIA PARA BRAQUITERAPIA (INSERÇÃO OURETIRADA DOS CATETERES)";"A"
"505";"ANESTESIOLOGIA";"5738";"ANESTESIA REGIONAL";"A"
"505";"ANESTESIOLOGIA";"26224";"ADMINISTRACAO DE MEDICAMENTOS POR PACIENTE";"A"
"1242";"CIRURGIA DE CABEÇA E PESCOÇO";"5594";"EXAME DE VIDEOLARINGOSCOPIA (COM USO DE EQUIPAMENTO)       ";"A"
"1242";"CIRURGIA DE CABEÇA E PESCOÇO";"3706";"CONSULTA EM CIRURGIA DA CABECA E PESCOCO                   ";"A"
"1242";"CIRURGIA DE CABEÇA E PESCOÇO";"4306";"COLETA DE MATERIAL PARA EXAMES CITOPATOLOGICOS             ";"A"
"1242";"CIRURGIA DE CABEÇA E PESCOÇO";"6077";"RETIRADA DE PONTOS DE CIRURGIAS BASICAS - POR PACIENTE     ";"A"
"1242";"CIRURGIA DE CABEÇA E PESCOÇO";"7550";"EXERESE DE PONTOS";"A"
"1242";"CIRURGIA DE CABEÇA E PESCOÇO";"26224";"ADMINISTRACAO DE MEDICAMENTOS POR PACIENTE";"A"
"727";"CIRURGIA DO APARELHO DIGESTIVO";"4133";"ADMINISTRACAO DE MEDICAMENTOS POR PACIENTE                 ";"A"
"727";"CIRURGIA DO APARELHO DIGESTIVO";"4535";"INCISAO DRENAGEM DE HEMATOMA  ";"A"
"727";"CIRURGIA DO APARELHO DIGESTIVO";"6067";"EXCISAO E SUTURA SIMPLES PEQUENAS LESOES DE PELE/MUCOSA    ";"A"
"727";"CIRURGIA DO APARELHO DIGESTIVO";"6043";"CONSULTA EM CIRURGIA GERAL    ";"A"
"727";"CIRURGIA DO APARELHO DIGESTIVO";"6017";"CURATIVO POR PACIENTE         ";"A"
"727";"CIRURGIA DO APARELHO DIGESTIVO";"6077";"RETIRADA DE PONTOS DE CIRURGIAS BASICAS - POR PACIENTE     ";"A"
"727";"CIRURGIA DO APARELHO DIGESTIVO";"4229";"DEBRIDAMENTO E CURATIVO DE ESCARA OU ULCERACAO             ";"A"
"727";"CIRURGIA DO APARELHO DIGESTIVO";"13299";"MULTISTIX";"A"
"727";"CIRURGIA DO APARELHO DIGESTIVO";"7550";"EXERESE DE PONTOS";"A"
"727";"CIRURGIA DO APARELHO DIGESTIVO";"4306";"COLETA DE MATERIAL PARA EXAMES CITOPATOLOGICOS             ";"A"
"291";"NEUROCIRURGIA";"4133";"ADMINISTRACAO DE MEDICAMENTOS POR PACIENTE                 ";"A"
"291";"NEUROCIRURGIA";"13299";"MULTISTIX";"A"
"291";"NEUROCIRURGIA";"4641";"NEURECTOMIA DIFERENCIADA DE NERVOS PERIFERICOS             ";"A"
"291";"NEUROCIRURGIA";"28009";"PRÉ/PÓS OPERATÓRIO DE NEUROCIRURGIA";"A"
"291";"NEUROCIRURGIA";"28715";"PROCEDIMENTO SEQUENCIAIS EM NEUROCIRURGIA E/OU ORTOPEDIA";"A"
"291";"NEUROCIRURGIA";"26198";"PROCEDIMENTOS SEQUENCIAIS EM NEUROCIRURGIA";"A"
"291";"NEUROCIRURGIA";"27123";"TRATAMENTO NEUROCIRÚRGICO PARA CISTOS ENCEFÁLICOS";"A"
"291";"NEUROCIRURGIA";"28849";"TREPANAÇÃO CRANIANA P/PROPEDEUTICA NEUROCIRURGIA/IMPLANTE MONITORIZAÇÃO PIC";"A"
"386";"ORTOPEDIA E TRAUMATOLOGIA";"4241";"DEBRIDAMENTO CIRURGICO DE ULCERA OU NECROSE                ";"A"
"386";"ORTOPEDIA E TRAUMATOLOGIA";"4593";"BIOPSIA DE MUSCULO            ";"A"
"386";"ORTOPEDIA E TRAUMATOLOGIA";"4806";"REVISAO COM IMOBILIZACAO NAO GESSADA EM LESAO DE ESTERNO   ";"A"
"386";"ORTOPEDIA E TRAUMATOLOGIA";"4572";"REVISAO E TROCA DE APARELHO GESSADO EM LESAO DOS OSSOS DA FACE";"A"
"386";"ORTOPEDIA E TRAUMATOLOGIA";"28244";"REDUCAO INCRUENTA DE LUXACAO OU FRATURA/LUXACAO SUBTALAR E INTRATARSICA";"A"
"386";"ORTOPEDIA E TRAUMATOLOGIA";"28172";"REDUCAO INCRUENTA DE FRATURA DIAFISARIA DOS OSSOS DO ANTEBRACO";"A"
"386";"ORTOPEDIA E TRAUMATOLOGIA";"4499";"TRATAMENTO DE FRATURA DO PUNHO COM LUVA GESSADA            ";"A"
"386";"ORTOPEDIA E TRAUMATOLOGIA";"6111";"ATEND. ORTOP.C/IMOB.PROV.(ENVOLV.PROF.MEDIC.ATEND.ENF.,ATATD.,ALG.P/CONF.DE TALAS GESS.E EX.RADIOLOG";"A"
"386";"ORTOPEDIA E TRAUMATOLOGIA";"4518";"TRATAMENTO DE FRATURA DO RETRO-PE E MEDIO-PE COM BOTA GESSADA";"A"
"386";"ORTOPEDIA E TRAUMATOLOGIA";"28243";"REDUCAO INCRUENTA DE LUXACAO OU FRATURA /LUXACAO TARSO METATARSICA";"A"
"386";"ORTOPEDIA E TRAUMATOLOGIA";"28241";"REDUCAO INCRUENTA DE LUXACAO FEMURO-PATELAR";"A"
"386";"ORTOPEDIA E TRAUMATOLOGIA";"4519";"TRATAMENRTO DE FRATURA DO ANTE-PE E DEDOS COM BOTA GESSADA ";"A"
"386";"ORTOPEDIA E TRAUMATOLOGIA";"6017";"CURATIVO POR PACIENTE         ";"A"
"386";"ORTOPEDIA E TRAUMATOLOGIA";"4805";"REVISAO COM IMOBILIZACAO NAO GESSADO EM LESAO COSTELAS     ";"A"
"386";"ORTOPEDIA E TRAUMATOLOGIA";"4573";"REVISAO DE TRATAMENTO DA COLUNA CERVICAL COM COLAR GESSADO ";"A"
"386";"ORTOPEDIA E TRAUMATOLOGIA";"4571";"REV.E TROCA DE APARELHO GESS.EM LESAO DE COLUNA VERTEBRAL  EM MESA ESPECIAL(RISSER,MINERVA,HALO-GESS";"A"
"386";"ORTOPEDIA E TRAUMATOLOGIA";"4570";"REVISAO E TROCA DE GESSO EM LESAO DE COLUNA VERTEBRAL      ";"A"
"386";"ORTOPEDIA E TRAUMATOLOGIA";"4569";"REVISAO COM IMOBILIZACAO NAO GESSADA EM LESAO DA COLUNA VERTEBRAL";"A"
"386";"ORTOPEDIA E TRAUMATOLOGIA";"4568";"REVISAO COM TROCA DE GESSO EM LUXACAO, FRATURA/LUXACAO DO ANTE-PE E DEDOS";"A"
"386";"ORTOPEDIA E TRAUMATOLOGIA";"4754";"REVISAO C/TROCA DE APARELHOGESSADO EM MEMBRO INFERIOR";"A"
"386";"ORTOPEDIA E TRAUMATOLOGIA";"4567";"REVISAO COM TROCA DE APRELHO GESSADO EM LESAO DE OSSOS DA PERNA/JOELHO - CRURO-PODALICA";"A"
"386";"ORTOPEDIA E TRAUMATOLOGIA";"4566";"REVISAO COM TROCA DE APARELHO GESSADO EM LESAO DE ARTICULACAO COXO-FEMURAL FEMUR-PELVI-PODALICO";"A"
"386";"ORTOPEDIA E TRAUMATOLOGIA";"4565";"REVISAO COM TROCA DE APARELHO GESSADO EM LESAO DE TORNOZELO";"A"
"386";"ORTOPEDIA E TRAUMATOLOGIA";"4564";"TRATAMENTO DE ARTICULACAO COXO-FEMURAL C/IMOBILIZACAO GESSADA";"A"
"386";"ORTOPEDIA E TRAUMATOLOGIA";"4563";"REVISAO COM TROCA DE APARELHO GESSADO EM LESAO DE UMERO TIPO AXILO PALMAR OU PENDENTE";"A"
"386";"ORTOPEDIA E TRAUMATOLOGIA";"4562";"REVISAO COM TROCA DE APRELHO GESSADO EM MAO                ";"A"
"386";"ORTOPEDIA E TRAUMATOLOGIA";"4561";"REVISAO COM TROCO DE APARELHO GESSADO EM PUNHO             ";"A"
"386";"ORTOPEDIA E TRAUMATOLOGIA";"4560";"REVISAO COM TROCA DE APARELHO GESSADO EM LESAO DE ARTICULACAO ESCAPULO UMERAL E UMERO";"A"
"386";"ORTOPEDIA E TRAUMATOLOGIA";"4559";"REVISAO COM TROCA DE GESSO EM ARTICULACAO ACROMIO-CLAVICULAR, CLAVICULA E OMOPLATA";"A"
"386";"ORTOPEDIA E TRAUMATOLOGIA";"4558";"REVISAO C/TROCA DE APARELHO GESSADO EM LESAO DE COTOVELO/BRACO/ANTEBRACO - TIPO AXILO-PALMAR";"A"
"386";"ORTOPEDIA E TRAUMATOLOGIA";"4557";"REV C/TROCA DE APARELHO GESSADO EM LESAO DE ARTICULACAO ESCAPULO UMERAL E UMERO-TIPO TORACO-BRAQUIAL";"A"
"386";"ORTOPEDIA E TRAUMATOLOGIA";"4556";"REVISAO COM TROCA DE APARELHOS GESSADOS EM LESAO DE ANTEBRACO";"A"
"386";"ORTOPEDIA E TRAUMATOLOGIA";"4555";"TRATAMENTO EM COSTELAS COM IMOBILIZACAO NAO GESSADA        ";"A"
"386";"ORTOPEDIA E TRAUMATOLOGIA";"4528";"TRATAMENTO DE FRATURA DE ESTERNO COM IMOBILIZACAO NAO GESSADA";"A"
"386";"ORTOPEDIA E TRAUMATOLOGIA";"4527";"TRATAMENTO DOS OSSOS DA FACE  ";"A"
"386";"ORTOPEDIA E TRAUMATOLOGIA";"4526";"TRAT DE COLUNA VERTEBRAL C/ IMOBILIZACAO GESSADA EM MESA ESPECIAL GESSO RISSER MINERVA OU HALO-GESSO";"A"
"386";"ORTOPEDIA E TRAUMATOLOGIA";"4525";"TRATAMENTO DA COLUNA VERTEBRAL COM IMOBILIZACAO NAO GESSADA";"A"
"386";"ORTOPEDIA E TRAUMATOLOGIA";"4524";"TRATAMENTO DA COLUNA VETEBRAL COM IMOBILIZACAO GESSADA COM COLETE GESSADO";"A"
"386";"ORTOPEDIA E TRAUMATOLOGIA";"4523";"TRATAMENTO DA COLUNA CERVICAL COM COLAR GESSADO            ";"A"
"386";"ORTOPEDIA E TRAUMATOLOGIA";"4522";"TRATAMENTO DE LESAO LIGAMENTAR EM MEMBRO COM IMOBILIZAÇÃO";"A"
"386";"ORTOPEDIA E TRAUMATOLOGIA";"4521";"TRATAMENTO DE FRATURA DE METAFISE FEMORAL PROXIMAL PELVI-PODALICO";"A"
"386";"ORTOPEDIA E TRAUMATOLOGIA";"4520";"TRATAMENTO DE FRATURA DO TORNOZELO COM APARELHO GESSADO CRURO-PODALICO";"A"
"386";"ORTOPEDIA E TRAUMATOLOGIA";"4515";"TRATAMENTO DE FRATURA LESAO LIGAMENTAR AO NIVEL DO JOELHO COM APARELHO GESSADO CRURUO-PODALICO";"A"
"386";"ORTOPEDIA E TRAUMATOLOGIA";"4502";"TRATAMENTO DE LESAO DE MECANISMO EXTERIOR COM TALA DE ALUMINIO OU LUVA GESSADA";"A"
"386";"ORTOPEDIA E TRAUMATOLOGIA";"4501";"TRATAMENTO DE FRATURA DO UMERO COM APARELHO GESSADO TORACO-BRAQUIAL";"A"
"386";"ORTOPEDIA E TRAUMATOLOGIA";"4500";"TRATAMENTO DE FRATURA DO UMERO COM APARELHO GESSADO AXILO-PALMAR OU PENDENTE";"A"
"386";"ORTOPEDIA E TRAUMATOLOGIA";"4498";"TRATAMENTO DE FRATURA DE FALANGE COM TALA DE ALUMINIO OU LUVA GESSADA";"A"
"386";"ORTOPEDIA E TRAUMATOLOGIA";"4497";"TRATAMENTO DE FRATURA DE OSSO METACARPIO COM LUVA GESSADA  ";"A"
"386";"ORTOPEDIA E TRAUMATOLOGIA";"4496";"TRATAMENTO DE FRATURA AO NIVEL DOS OSSOS DO ANTEBRACO COM APARELHO GESSADO AXILO-PALMAR";"A"
"386";"ORTOPEDIA E TRAUMATOLOGIA";"4495";"TRATAMENTO DE FRATURA AO NIVEL DO COTOVELO COM APARELHO GESSADO AXILO PALMAR";"A"
"386";"ORTOPEDIA E TRAUMATOLOGIA";"4804";"TRATAMENTO DE FRATURA DA ESCAPULA VELPEAU GESSADO          ";"A"
"386";"ORTOPEDIA E TRAUMATOLOGIA";"4493";"TRATAMENTO DE FRATURA DE CLAVICULA/VELPEAU GESSADO         ";"A"
"386";"ORTOPEDIA E TRAUMATOLOGIA";"4494";"TRATAMENTO DOS OSSOS DA FACE  ";"A"
"386";"ORTOPEDIA E TRAUMATOLOGIA";"4492";"TRATAMENTO DOS OSSOS DO NARIZ ";"A"
"386";"ORTOPEDIA E TRAUMATOLOGIA";"4803";"TRATAMENTO DO ARCO ZIGMATICO  ";"A"
"386";"ORTOPEDIA E TRAUMATOLOGIA";"4802";"TRATAMENTO DE LUXACAO TEMPORO-MANDIBULAR                   ";"A"
"386";"ORTOPEDIA E TRAUMATOLOGIA";"4491";"FRATURA DA MANDIBULA POR HEMIFACE                          ";"A"
"386";"ORTOPEDIA E TRAUMATOLOGIA";"4490";"TRATAMENTO DE LUXACAO,FRATURA E FRATURA-LUXACAO DA COLUNA TORACICA OU LOMBAR C/COLETE GESSADO";"A"
"386";"ORTOPEDIA E TRAUMATOLOGIA";"4488";"TRATAMENTO DE LUXACAO, FRATURA E FRATURA-LUXACAO DA COLUNA COM APARELHO GESSADO";"A"
"386";"ORTOPEDIA E TRAUMATOLOGIA";"4489";"TRATAMENTO DE LUXACAO FRATURA-LUXACAO FRATURA DO TORNOZELO COM APARELHO GESSADO CRURO-PODALICO";"A"
"386";"ORTOPEDIA E TRAUMATOLOGIA";"4331";"REDUCAO INCRUENTA DE FRATURA DOS OSSOS DO TARSO";"A"
"386";"ORTOPEDIA E TRAUMATOLOGIA";"6035";"TRATAMENTO DE LUXACAO, FRATURA-LUXACAO, FRATURA DO ANTE-PE E DEDOS COM BOTA GESSADA";"A"
"386";"ORTOPEDIA E TRAUMATOLOGIA";"4330";"REDUCAO INCRUENTA DE LUXACAO/FRATURA-LUXACAO DO JOELHO";"A"
"386";"ORTOPEDIA E TRAUMATOLOGIA";"4329";"TRATAMENTO EM ARTICULACAO COXO-FEMURAL COM IMOBILIZACAO GESSADA";"A"
"386";"ORTOPEDIA E TRAUMATOLOGIA";"4801";"TRATAMENTO FRATURA DA METAFISE DISTAL DO FEMUR E PROXIMAL DE TIBIA C/ APARELHO GESSADO CRURO-PODALIC";"A"
"386";"ORTOPEDIA E TRAUMATOLOGIA";"4328";"REDUCAO INCRUENTA DE FRATURA DIAFISARIA/LESAO FISARIA DISTAL DA TIBIA";"A"
"386";"ORTOPEDIA E TRAUMATOLOGIA";"4800";"TRATAMENTO DE DISJUNCAO FRATURA FRAT-LUXACAO AO NIVEL DA PELVE C/ APARELHO GESSADO PELVI-PODALICO";"A"
"386";"ORTOPEDIA E TRAUMATOLOGIA";"4327";"TRATAMENTO LUXACAO FRATURA-LUXACAO DO QUADRIL COM APARELHO GESSADO PELVI-PODALICO";"A"
"386";"ORTOPEDIA E TRAUMATOLOGIA";"4326";"TRATAMENTO DE LUXACAO FRATURA-LUXACAO AO NIVEL DO COTOVELO C/ APARELHO GESSADO AXILO-PALMAR";"A"
"386";"ORTOPEDIA E TRAUMATOLOGIA";"4799";"TRATAMENRTO FRATURA LUXACAO FRATURA-LUXACAO AO NIVEL DO PUNHO COM APARELHO GESSADO BRAQUIO-PALMAR";"A"
"386";"ORTOPEDIA E TRAUMATOLOGIA";"4325";"TRATAMENTO DE FRATURA FRATURA-LUXACAO ESCAPULO UMERAL VELPEAU GESSADO";"A"
"386";"ORTOPEDIA E TRAUMATOLOGIA";"4324";"TRATAMENTO DE FRATURA FRATURA-LUXACAO ESCAPULO-UMERAL COM APARELHO GESSADO TORACO-BRAQUIAL";"A"
"386";"ORTOPEDIA E TRAUMATOLOGIA";"4323";"TRATAMENTO DE FRATURA E FRATURA-LUXACAO AO NIVEL DA CINTURA ESCAPULAR VELPEAU GESSADO";"A"
"386";"ORTOPEDIA E TRAUMATOLOGIA";"4798";"TRAT C/ TROCA GESSO EM ARTICULACAO ACROMIO-CLAVICULAR EXTER-CLAVICULAR, CLAVICU OMOPLATA C/ IM GESSA";"A"
"386";"ORTOPEDIA E TRAUMATOLOGIA";"4322";"TRAT FRATURA LUXACAO FRAT-LUXACAO NIVEL OSSOS METACARPICOS E FALANGES COM TALA DE ALUMINIO";"A"
"386";"ORTOPEDIA E TRAUMATOLOGIA";"4797";"REDUCAO INCRUENTA DE FRATURA DA DIAFISE DO UMERO";"A"
"386";"ORTOPEDIA E TRAUMATOLOGIA";"4321";"TRATAMENTO DE FATURA DO UMERO COM APARELHO GESSADO TORACO-BRANQUIAL";"A"
"386";"ORTOPEDIA E TRAUMATOLOGIA";"4320";"TRATAMENTO DE FRATURA DO UMERO COM APARELHO GESSADO AXILO PALMAR OU INDEPENDENTE";"A"
"386";"ORTOPEDIA E TRAUMATOLOGIA";"4133";"ADMINISTRACAO DE MEDICAMENTOS POR PACIENTE                 ";"A"
"386";"ORTOPEDIA E TRAUMATOLOGIA";"4541";"CURATIVO COM DEBRIDAMENTO EM PE DIABETICO                  ";"A"
"386";"ORTOPEDIA E TRAUMATOLOGIA";"4516";"TRATAMENTO DE FRATURA DA METAFISE DISTAL DO FEMUR E/OU PROXIMAL DE TIBIA C/ APAR GESSADO CRURO-PODAL";"A"
"386";"ORTOPEDIA E TRAUMATOLOGIA";"6077";"RETIRADA DE PONTOS DE CIRURGIAS BASICAS - POR PACIENTE     ";"A"
"386";"ORTOPEDIA E TRAUMATOLOGIA";"4535";"INCISAO DRENAGEM DE HEMATOMA  ";"A"
"386";"ORTOPEDIA E TRAUMATOLOGIA";"4228";"INJECOES INTRA-ARTICULARES    ";"A"
"386";"ORTOPEDIA E TRAUMATOLOGIA";"4595";"PUNCOES DIAGNOSTICAS OU DE ESVAZIAMENTO                    ";"A"
"36";"CIRURGIA TORÁCICA";"4535";"INCISAO DRENAGEM DE HEMATOMA  ";"A"
"36";"CIRURGIA TORÁCICA";"4133";"ADMINISTRACAO DE MEDICAMENTOS POR PACIENTE                 ";"A"
"36";"CIRURGIA TORÁCICA";"6067";"EXCISAO E SUTURA SIMPLES PEQUENAS LESOES DE PELE/MUCOSA    ";"A"
"36";"CIRURGIA TORÁCICA";"4218";"EXERESE DE TUMOR DE PELE      ";"A"
"36";"CIRURGIA TORÁCICA";"4228";"INJECOES INTRA-ARTICULARES    ";"A"
"36";"CIRURGIA TORÁCICA";"4335";"RETIRADA DE CORPO ESTRANHO SUBCUTANEO                      ";"A"
"36";"CIRURGIA TORÁCICA";"4589";"PUNÇÃO ASPIRATIVA DE MAMA POR AGULHA FINA";"A"
"36";"CIRURGIA TORÁCICA";"4216";"FULGURACAO/CAUTERIZACAO QUIMICA DE LESOES CUTANEAS         ";"A"
"36";"CIRURGIA TORÁCICA";"6781";"BRONCOSCOPIA";"A"
"36";"CIRURGIA TORÁCICA";"5578";"COLETA DE LAVADO BRONQUICO    ";"A"
"36";"CIRURGIA TORÁCICA";"4306";"COLETA DE MATERIAL PARA EXAMES CITOPATOLOGICOS             ";"A"
"36";"CIRURGIA TORÁCICA";"28265";"SEDACAO";"A"
"36";"CIRURGIA TORÁCICA";"5244";"FUNGOS, CULTURA               ";"A"
"36";"CIRURGIA TORÁCICA";"5205";"CULTURA PARA BAAR             ";"A"
"36";"CIRURGIA TORÁCICA";"44606";"CONSULTA DE ENFERMAGEM";"A"
"374";"CANCEROLOGIA";"6077";"RETIRADA DE PONTOS DE CIRURGIAS BASICAS - POR PACIENTE     ";"A"
"374";"CANCEROLOGIA";"6017";"CURATIVO POR PACIENTE         ";"A"
"452";"PNEUMOLOGIA PEDIÁTRICA";"4133";"ADMINISTRACAO DE MEDICAMENTOS POR PACIENTE                 ";"A"
"785";"ENFERMAGEM CLINICA";"6017";"CURATIVO POR PACIENTE         ";"A"
"785";"ENFERMAGEM CLINICA";"6077";"RETIRADA DE PONTOS DE CIRURGIAS BASICAS - POR PACIENTE     ";"A"
"785";"ENFERMAGEM CLINICA";"16586";"ASPIRAR SECREÇÕES";"A"
"785";"ENFERMAGEM CLINICA";"4303";"TESTE ESPECIFICO PARA DIABETES MELLITUS- GLICEMIA CAPILAR";"A"
"785";"ENFERMAGEM CLINICA";"4133";"ADMINISTRACAO DE MEDICAMENTOS POR PACIENTE                 ";"A"
"785";"ENFERMAGEM CLINICA";"14368";"TESTE RAPIDO PARA TRIAGEM DE INFECCAO PELO HIV";"A"
"785";"ENFERMAGEM CLINICA";"26634";"VERIFICAR SINAIS VITAIS";"A"
"785";"ENFERMAGEM CLINICA";"16902";"MEDIR DIURESE";"A"
"785";"ENFERMAGEM CLINICA";"44606";"CONSULTA DE ENFERMAGEM";"A"
"785";"ENFERMAGEM CLINICA";"45146";"CONSULTA DE PROFISSIONAIS DE NIVEL SUPERIOR NA ATENCAO ESPECIALIZADA (EXCETO MEDICO)";"A"
"1238";"URGENCIA PEDIATRICA";"16523";"HGT";"A"
"1238";"URGENCIA PEDIATRICA";"3966";"INALACAO / NEBULIZACAO        ";"A"
"1238";"URGENCIA PEDIATRICA";"4541";"CURATIVO COM DEBRIDAMENTO EM PE DIABETICO                  ";"A"
"1238";"URGENCIA PEDIATRICA";"16521";"SONDAGEM VESICAL DE ALÍVIO";"A"
"1238";"URGENCIA PEDIATRICA";"4229";"DEBRIDAMENTO E CURATIVO DE ESCARA OU ULCERACAO             ";"A"
"1238";"URGENCIA PEDIATRICA";"4133";"ADMINISTRACAO DE MEDICAMENTOS POR PACIENTE                 ";"A"
"1238";"URGENCIA PEDIATRICA";"6049";"ATENDIMENTO CLINICO COM OBSERVACAO ATE 24 HORAS            ";"A"
"1238";"URGENCIA PEDIATRICA";"4553";"REMOCAO MANUAL DE FECALOMA    ";"A"
"1238";"URGENCIA PEDIATRICA";"4480";"PUNCAO LOMBAR PARA COLETA DE LIQUOR                        ";"A"
"1238";"URGENCIA PEDIATRICA";"4686";"PUNCAO OU ASPIRACAO VESICAL   ";"A"
"1238";"URGENCIA PEDIATRICA";"13299";"MULTISTIX";"A"
"1238";"URGENCIA PEDIATRICA";"4229";"DEBRIDAMENTO E CURATIVO DE ESCARA OU ULCERACAO             ";"A"
"1238";"URGENCIA PEDIATRICA";"26224";"ADMINISTRACAO DE MEDICAMENTOS POR PACIENTE";"A"
"1238";"URGENCIA PEDIATRICA";"26634";"VERIFICAR SINAIS VITAIS";"A"
"1238";"URGENCIA PEDIATRICA";"6017";"CURATIVO POR PACIENTE         ";"A"
"1238";"URGENCIA PEDIATRICA";"30809";"SOLICITAR AVALIAÇÃO DA COMISSÃO DE CURATIVOS";"A"
"34";"CIRURGIA PEDIÁTRICA";"6077";"RETIRADA DE PONTOS DE CIRURGIAS BASICAS - POR PACIENTE     ";"A"
"34";"CIRURGIA PEDIÁTRICA";"13299";"MULTISTIX";"A"
"34";"CIRURGIA PEDIÁTRICA";"4335";"RETIRADA DE CORPO ESTRANHO SUBCUTANEO                      ";"A"
"34";"CIRURGIA PEDIÁTRICA";"4535";"INCISAO DRENAGEM DE HEMATOMA  ";"A"
"34";"CIRURGIA PEDIÁTRICA";"4216";"FULGURACAO/CAUTERIZACAO QUIMICA DE LESOES CUTANEAS         ";"A"
"34";"CIRURGIA PEDIÁTRICA";"4218";"EXERESE DE TUMOR DE PELE      ";"A"
"34";"CIRURGIA PEDIÁTRICA";"6067";"EXCISAO E SUTURA SIMPLES PEQUENAS LESOES DE PELE/MUCOSA    ";"A"
"34";"CIRURGIA PEDIÁTRICA";"4229";"DEBRIDAMENTO E CURATIVO DE ESCARA OU ULCERACAO             ";"A"
"34";"CIRURGIA PEDIÁTRICA";"6017";"CURATIVO POR PACIENTE         ";"A"
"34";"CIRURGIA PEDIÁTRICA";"4133";"ADMINISTRACAO DE MEDICAMENTOS POR PACIENTE                 ";"A"
"43";"MEDICINA DO ADOLESCENTE";"4299";"ADMINISTRACAO DE MEDICAMENTOS POR PACIENTE                 ";"A"
"308";"NEFROLOGIA PEDIÁTRICA";"4268";"CATETERISMO VESICAL EVACUADOR ";"A"
"308";"NEFROLOGIA PEDIÁTRICA";"4686";"PUNCAO OU ASPIRACAO VESICAL   ";"A"
"308";"NEFROLOGIA PEDIÁTRICA";"3987";"CISTOMETRIA SIMPLES           ";"A"
"308";"NEFROLOGIA PEDIÁTRICA";"4553";"REMOCAO MANUAL DE FECALOMA    ";"A"
"308";"NEFROLOGIA PEDIÁTRICA";"13299";"MULTISTIX";"A"
"416";"PEDIATRIA";"4299";"ADMINISTRACAO DE MEDICAMENTOS POR PACIENTE                 ";"A"
"416";"PEDIATRIA";"4268";"CATETERISMO VESICAL EVACUADOR ";"A"
"416";"PEDIATRIA";"4686";"PUNCAO OU ASPIRACAO VESICAL   ";"A"
"416";"PEDIATRIA";"5471";"ELETROCARDIOGRAMA             ";"A"
"416";"PEDIATRIA";"29903";"INFILTRAÇÃO DE SUBSTÂNCIAS";"A"
"416";"PEDIATRIA";"4651";"REMOCAO DE CERUMEN DE C.A.E.  ";"A"
"416";"PEDIATRIA";"4303";"TESTE ESPECIFICO PARA DIABETES MELLITUS- GLICEMIA CAPILAR";"A"
"1274";"MAMOGRAFIA";"5395";"MAMOGRAFIA BILATERAL          ";"A"
"1254";"CARDIOLOGIA PEDIÁTRICA";"5471";"ELETROCARDIOGRAMA             ";"A"
"1254";"CARDIOLOGIA PEDIÁTRICA";"16577";"VERIFICAR SINAIS VITAIS";"A"
"1254";"CARDIOLOGIA PEDIÁTRICA";"26224";"ADMINISTRACAO DE MEDICAMENTOS POR PACIENTE";"A"
"200";"CIRURGIA CARDIOVASCULAR";"16577";"VERIFICAR SINAIS VITAIS";"A"
"200";"CIRURGIA CARDIOVASCULAR";"26634";"VERIFICAR SINAIS VITAIS";"A"
"200";"CIRURGIA CARDIOVASCULAR";"5471";"ELETROCARDIOGRAMA             ";"A"
"200";"CIRURGIA CARDIOVASCULAR";"5451";"ECOCARDIOGRAFIA BI-DIMENSIONAL COM OU SEM DOPPLER          ";"A"
"200";"CIRURGIA CARDIOVASCULAR";"5476";"SISTEMA HOLTER 24 HS - 2 CANAIS                            ";"A"
"200";"CIRURGIA CARDIOVASCULAR";"4274";"TESTE DE ESFORCO OU TESTE ERGOMETRICO                      ";"A"
"200";"CIRURGIA CARDIOVASCULAR";"5475";"MONITORIZACAO AMBULATORIAL DE PRESSAO ARTERIAL             ";"A"
"200";"CIRURGIA CARDIOVASCULAR";"26224";"ADMINISTRACAO DE MEDICAMENTOS POR PACIENTE";"A"
"17";"CARDIOLOGIA";"5451";"ECOCARDIOGRAFIA BI-DIMENSIONAL COM OU SEM DOPPLER          ";"A"
"17";"CARDIOLOGIA";"5471";"ELETROCARDIOGRAMA             ";"A"
"17";"CARDIOLOGIA";"5476";"SISTEMA HOLTER 24 HS - 2 CANAIS                            ";"A"
"17";"CARDIOLOGIA";"4274";"TESTE DE ESFORCO OU TESTE ERGOMETRICO                      ";"A"
"17";"CARDIOLOGIA";"5475";"MONITORIZACAO AMBULATORIAL DE PRESSAO ARTERIAL             ";"A"
"17";"CARDIOLOGIA";"16577";"VERIFICAR SINAIS VITAIS";"A"
"17";"CARDIOLOGIA";"6048";"CONSULTA EM CARDIOLOGIA       ";"A"
"17";"CARDIOLOGIA";"26224";"ADMINISTRACAO DE MEDICAMENTOS POR PACIENTE";"A"
"1263";"ENDOSCOPIA DIGESTIVA";"15836";"ENDOSCOPIA DIGESTIVA ALTA";"A"
"1263";"ENDOSCOPIA DIGESTIVA";"15837";"ECOENDOSCOPIA DIGESTIVA ALTA";"A"
"1263";"ENDOSCOPIA DIGESTIVA";"6810";"POLIPECTOMIA";"A"
"1263";"ENDOSCOPIA DIGESTIVA";"4306";"COLETA DE MATERIAL PARA EXAMES CITOPATOLOGICOS             ";"A"
"1263";"ENDOSCOPIA DIGESTIVA";"6805";"RETOSSIGMOIDOSCOPIA";"A"
"1263";"ENDOSCOPIA DIGESTIVA";"7655";"COLANGIOPANCREATOGRAFIA ENDOSCOPICA RETR";"A"
"1263";"ENDOSCOPIA DIGESTIVA";"14179";"DILATAÇÃO ESÔFAGO C/ BALÃO PNEUMÁTICO";"A"
"1263";"ENDOSCOPIA DIGESTIVA";"6918";"LIGADURA DE VEIAS ESOFAGIANAS";"A"
"1263";"ENDOSCOPIA DIGESTIVA";"3967";"COLETA DE MATERIAL PARA EXAME LABORATORIAL EM PATOLOGIA CLINICA";"A"
"1263";"ENDOSCOPIA DIGESTIVA";"12907";"CONSULTA PRE-ANESTESICA";"A"
"1263";"ENDOSCOPIA DIGESTIVA";"28265";"SEDACAO";"A"
"1263";"ENDOSCOPIA DIGESTIVA";"5207";"HELICOBACTER PYLORI, PESQUISA DIRETA                       ";"A"
"1263";"ENDOSCOPIA DIGESTIVA";"44606";"CONSULTA DE ENFERMAGEM";"A"
"1263";"ENDOSCOPIA DIGESTIVA";"44976";"COLONOSCOPIA";"A"
"1263";"ENDOSCOPIA DIGESTIVA";"4336";"CONSULTA ATENDIMENTO EM ASSISTENCIA ESPECIALIZADA E DE ALTA COMPLEXIDADE";"A"
"1263";"ENDOSCOPIA DIGESTIVA";"6272";"PASSAGEM DE SONDA NASOENTERAL";"A"
"1263";"ENDOSCOPIA DIGESTIVA";"14175";"ILEOSCOPIA";"A"
"1444";"ENFERMAGEM EM IMUNIZAÇÃO";"28956";"ADMINISTRAR AS VACINAS";"A"
"1444";"ENFERMAGEM EM IMUNIZAÇÃO";"44606";"CONSULTA DE ENFERMAGEM";"A"
"303";"NEUROLOGIA PEDIÁTRICA";"4133";"ADMINISTRACAO DE MEDICAMENTOS POR PACIENTE                 ";"A"
"1276";"MEDICINA INTENSIVA PEDIÁTRICA";"26224";"ADMINISTRACAO DE MEDICAMENTOS POR PACIENTE";"A"
"1434";"CLÍNICA MÉDICA - PA";"9520";"PARACENTESE ABDOMINAL";"A"
"1434";"CLÍNICA MÉDICA - PA";"4229";"DEBRIDAMENTO E CURATIVO DE ESCARA OU ULCERACAO             ";"A"
"1434";"CLÍNICA MÉDICA - PA";"26224";"ADMINISTRACAO DE MEDICAMENTOS POR PACIENTE";"A"
"1434";"CLÍNICA MÉDICA - PA";"26634";"VERIFICAR SINAIS VITAIS";"A"
"1434";"CLÍNICA MÉDICA - PA";"6017";"CURATIVO POR PACIENTE         ";"A"
"1434";"CLÍNICA MÉDICA - PA";"30809";"SOLICITAR AVALIAÇÃO DA COMISSÃO DE CURATIVOS";"A"
"1434";"CLÍNICA MÉDICA - PA";"26224";"ADMINISTRACAO DE MEDICAMENTOS POR PACIENTE";"A"
"1434";"CLÍNICA MÉDICA - PA";"16577";"VERIFICAR SINAIS VITAIS";"A"
"1434";"CLÍNICA MÉDICA - PA";"3966";"INALACAO / NEBULIZACAO        ";"A"
"1434";"CLÍNICA MÉDICA - PA";"7597";"DRENAGEM DE ABSCESSO";"A"
"1434";"CLÍNICA MÉDICA - PA";"16564";"HGT";"A"
"1434";"CLÍNICA MÉDICA - PA";"16521";"SONDAGEM VESICAL DE ALÍVIO";"A"
"1434";"CLÍNICA MÉDICA - PA";"7667";"REMOCAO MANUAL DE FECALOMA";"A"
"1434";"CLÍNICA MÉDICA - PA";"5471";"ELETROCARDIOGRAMA             ";"A"
"1442";"TOXICOLOGIA - PA";"4229";"DEBRIDAMENTO E CURATIVO DE ESCARA OU ULCERACAO             ";"A"
"1442";"TOXICOLOGIA - PA";"26224";"ADMINISTRACAO DE MEDICAMENTOS POR PACIENTE";"A"
"1442";"TOXICOLOGIA - PA";"26634";"VERIFICAR SINAIS VITAIS";"A"
"1442";"TOXICOLOGIA - PA";"6017";"CURATIVO POR PACIENTE         ";"A"
"1442";"TOXICOLOGIA - PA";"30809";"SOLICITAR AVALIAÇÃO DA COMISSÃO DE CURATIVOS";"A"
"49";"CIRURGIA CRÂNIO-MAXILO-FACIAL";"4133";"ADMINISTRACAO DE MEDICAMENTOS POR PACIENTE                 ";"A"
"49";"CIRURGIA CRÂNIO-MAXILO-FACIAL";"6017";"CURATIVO POR PACIENTE         ";"A"
"49";"CIRURGIA CRÂNIO-MAXILO-FACIAL";"4229";"DEBRIDAMENTO E CURATIVO DE ESCARA OU ULCERACAO             ";"A"
"49";"CIRURGIA CRÂNIO-MAXILO-FACIAL";"4535";"INCISAO DRENAGEM DE HEMATOMA  ";"A"
"49";"CIRURGIA CRÂNIO-MAXILO-FACIAL";"6077";"RETIRADA DE PONTOS DE CIRURGIAS BASICAS - POR PACIENTE     ";"A"
"49";"CIRURGIA CRÂNIO-MAXILO-FACIAL";"4216";"FULGURACAO/CAUTERIZACAO QUIMICA DE LESOES CUTANEAS         ";"A"
"49";"CIRURGIA CRÂNIO-MAXILO-FACIAL";"4218";"EXERESE DE TUMOR DE PELE      ";"A"
"49";"CIRURGIA CRÂNIO-MAXILO-FACIAL";"6067";"EXCISAO E SUTURA SIMPLES PEQUENAS LESOES DE PELE/MUCOSA    ";"A"
"189";"MEDICINA FÍSICA E REABILITAÇÃO";"3966";"INALACAO / NEBULIZACAO        ";"A"
"189";"MEDICINA FÍSICA E REABILITAÇÃO";"13299";"MULTISTIX";"A"
"189";"MEDICINA FÍSICA E REABILITAÇÃO";"29903";"INFILTRAÇÃO DE SUBSTÂNCIAS";"A"
"189";"MEDICINA FÍSICA E REABILITAÇÃO";"4133";"ADMINISTRACAO DE MEDICAMENTOS POR PACIENTE                 ";"A"
"189";"MEDICINA FÍSICA E REABILITAÇÃO";"4303";"TESTE ESPECIFICO PARA DIABETES MELLITUS- GLICEMIA CAPILAR";"A"
"189";"MEDICINA FÍSICA E REABILITAÇÃO";"4228";"INJECOES INTRA-ARTICULARES    ";"A"
"794";"CANCEROLOGIA CIRÚRGICA";"4228";"INJECOES INTRA-ARTICULARES    ";"A"
"794";"CANCEROLOGIA CIRÚRGICA";"4216";"FULGURACAO/CAUTERIZACAO QUIMICA DE LESOES CUTANEAS         ";"A"
"794";"CANCEROLOGIA CIRÚRGICA";"4335";"RETIRADA DE CORPO ESTRANHO SUBCUTANEO                      ";"A"
"794";"CANCEROLOGIA CIRÚRGICA";"4535";"INCISAO DRENAGEM DE HEMATOMA  ";"A"
"794";"CANCEROLOGIA CIRÚRGICA";"4218";"EXERESE DE TUMOR DE PELE      ";"A"
"794";"CANCEROLOGIA CIRÚRGICA";"6067";"EXCISAO E SUTURA SIMPLES PEQUENAS LESOES DE PELE/MUCOSA    ";"A"
"794";"CANCEROLOGIA CIRÚRGICA";"4229";"DEBRIDAMENTO E CURATIVO DE ESCARA OU ULCERACAO             ";"A"
"1302";"ORTODONTIA";"6052";"EXODONTIA DE DENTE DECIDUO    ";"A"
"1302";"ORTODONTIA";"6053";"EXODONTIA DE DENTE PERMANENTE ";"A"
"1302";"ORTODONTIA";"4816";"MANUTENCAO CONSERTO DE APARELHOS ORTODONTICOS              ";"A"
"1302";"ORTODONTIA";"4756";"COLOCACAO DE PLANO INCLINADO  ";"A"
"1302";"ORTODONTIA";"44498";"MOLDAGEM DENTO-GENGIVAL COM FINALIDADE ORTODONTICA";"A"
"1302";"ORTODONTIA";"44499";"PROFILAXIA REMOCAO DA PLACA BACTERIANA";"A"
"1302";"ORTODONTIA";"44500";"APARELHO ORTOPEDICO E ORTODONTICO REMOVIVEL";"A"
"1302";"ORTODONTIA";"44501";"INSTALACAO DE APARELHO ORTODONTICO ORTOPEDICO FIXO";"A"
"1302";"ORTODONTIA";"44504";"APARELHO ORTOPEDICO FIXO";"A"
"1302";"ORTODONTIA";"45146";"CONSULTA DE PROFISSIONAIS DE NIVEL SUPERIOR NA ATENCAO ESPECIALIZADA (EXCETO MEDICO)";"A"
"1484";"IMUNOLOGIA";"26224";"ADMINISTRACAO DE MEDICAMENTOS POR PACIENTE";"A"
"1461";"CIRURGIA ONCOLÓGICA";"6017";"CURATIVO POR PACIENTE         ";"A"
"1461";"CIRURGIA ONCOLÓGICA";"26224";"ADMINISTRACAO DE MEDICAMENTOS POR PACIENTE";"A"
"139";"ENFERMAGEM NEFROLOGIA";"4299";"ADMINISTRACAO DE MEDICAMENTOS POR PACIENTE                 ";"A"
"139";"ENFERMAGEM NEFROLOGIA";"6077";"RETIRADA DE PONTOS DE CIRURGIAS BASICAS - POR PACIENTE     ";"A"
"139";"ENFERMAGEM NEFROLOGIA";"4303";"TESTE ESPECIFICO PARA DIABETES MELLITUS- GLICEMIA CAPILAR";"A"
"139";"ENFERMAGEM NEFROLOGIA";"15809";"HEPARINIZAÇÃO DE CATETER DUPLO LÚMEN";"A"
"139";"ENFERMAGEM NEFROLOGIA";"15813";"CURATIVO DE CATÉTER DUPLO LÚMEN";"A"
"139";"ENFERMAGEM NEFROLOGIA";"4305";"TESTE ESPECIFICO PARA DIABETES MELLITUS- CETONURIA";"A"
"139";"ENFERMAGEM NEFROLOGIA";"6017";"CURATIVO POR PACIENTE         ";"A"
"139";"ENFERMAGEM NEFROLOGIA";"15812";"RETIRADA DE CATÉTER DUPLO LÚMEN";"A"
"139";"ENFERMAGEM NEFROLOGIA";"15810";"IRRIGAÇÃO DA CAVIDADE PERITONIAL";"A"
"139";"ENFERMAGEM NEFROLOGIA";"15808";"HEPARINIZAÇÃO DE CATETER PERITONIAL";"A"
"139";"ENFERMAGEM NEFROLOGIA";"15806";"TROCA DE EQUIPO CAPD";"A"
"139";"ENFERMAGEM NEFROLOGIA";"4304";"TESTE ESPECIFICO P/ DIABETES MELITUS - GLICOSURIA";"A"
"139";"ENFERMAGEM NEFROLOGIA";"15811";"CAUTERIZAÇÃO DE GRANULOMA";"A"
"139";"ENFERMAGEM NEFROLOGIA";"15807";"TROCA DE BOLSA DE CAPD";"A"
"307";"NEONATOLOGIA";"30705";"ASPIRAR SECREÇÃO RESPIRATÓRIA";"A"
"307";"NEONATOLOGIA";"26224";"ADMINISTRACAO DE MEDICAMENTOS POR PACIENTE";"A"
"1321";"ENFERMAGEM EM ENDOSCOPIA";"16577";"VERIFICAR SINAIS VITAIS";"A"
"1321";"ENFERMAGEM EM ENDOSCOPIA";"4133";"ADMINISTRACAO DE MEDICAMENTOS POR PACIENTE                 ";"A"
"1321";"ENFERMAGEM EM ENDOSCOPIA";"4303";"TESTE ESPECIFICO PARA DIABETES MELLITUS- GLICEMIA CAPILAR";"A"
"1321";"ENFERMAGEM EM ENDOSCOPIA";"4275";"CONSULTA ATENDIMENTO EM ATENCAO BASICA DE OUTROS PROFISSIONAIS DE NIVEL SUPERIOR";"A"
"1321";"ENFERMAGEM EM ENDOSCOPIA";"6279";"PUNCAO VENOSA";"A"
"1321";"ENFERMAGEM EM ENDOSCOPIA";"44606";"CONSULTA DE ENFERMAGEM";"A"
"265";"ALERGIA E IMUNOLOGIA";"5659";"PULSOTERAPIA II - POR APLICACAO                            ";"A"
"265";"ALERGIA E IMUNOLOGIA";"5468";"TESTES DE CONTATO (ATE 15 SUBSTANCIAS)                     ";"A"
"265";"ALERGIA E IMUNOLOGIA";"5615";"HIPERSENSIBILZACAO ESPECIFICA - POR TRATAMENTO COMPLETO    ";"A"
"265";"ALERGIA E IMUNOLOGIA";"5467";"TESTES CUTANEOS DE LEITURA IMEDIATA                        ";"A"
"265";"ALERGIA E IMUNOLOGIA";"5658";"PULSOTERAPIA I - POR APLICACAO";"A"
"265";"ALERGIA E IMUNOLOGIA";"3978";"HIPOSENSIBILIZACAO INESPECIFICA (POR TRATAMENTO COMPLETO)  ";"A"
"265";"ALERGIA E IMUNOLOGIA";"5613";"HIPOSENSIBILIZACAO COM PRODUTOS AUTOGENOS - POR TRATAMENTO COMPLETO";"A"
"265";"ALERGIA E IMUNOLOGIA";"4133";"ADMINISTRACAO DE MEDICAMENTOS POR PACIENTE                 ";"A"
"1269";"HEMATOLOGIA E HEMOTERAPIA PEDIÁTRICA";"26224";"ADMINISTRACAO DE MEDICAMENTOS POR PACIENTE";"A"
"1269";"HEMATOLOGIA E HEMOTERAPIA PEDIÁTRICA";"26634";"VERIFICAR SINAIS VITAIS";"A"
